ticker,n_matched_pairs,n_open_buys,n_prior_sells,avg_holding_days,median_holding_days,min_holding_days,max_holding_days
TEAM,4,0,0,13.0,9.5,6.0,27.0
NVDA,4,7,0,28.75,31.0,11.0,42.0
AMZN,4,15,0,31.0,32.5,24.0,35.0
ACN,4,4,0,30.0,31.5,22.0,35.0
MSFT,4,13,0,92.5,20.5,6.0,323.0
META,4,13,0,102.0,38.0,9.0,323.0
BRK-B,3,4,0,45.333333333333336,60.0,14.0,62.0
PLTR,3,5,2,16.0,16.0,15.0,17.0
FTNT,3,6,1,129.66666666666666,47.0,32.0,310.0
CNC,3,0,0,15.666666666666666,8.0,8.0,31.0
ADSK,3,2,1,7.333333333333333,4.0,0.0,18.0
GIS,3,0,2,40.666666666666664,47.0,22.0,53.0
CRM,3,8,0,21.666666666666668,9.0,0.0,56.0
JPM,3,8,1,25.333333333333332,11.0,5.0,60.0
DASH,3,6,1,15.666666666666666,5.0,5.0,37.0
V,3,8,0,16.0,14.0,14.0,20.0
DDOG,3,4,1,38.666666666666664,56.0,1.0,59.0
HRL,2,2,1,29.5,29.5,6.0,53.0
DHR,2,1,0,7.0,7.0,5.0,9.0
VSNT,2,2,1,38.0,38.0,24.0,52.0
INVH,2,3,1,34.0,34.0,15.0,53.0
IOT,2,0,1,12.0,12.0,11.0,13.0
ISRG,2,4,1,26.0,26.0,15.0,37.0
IT,2,5,0,21.0,21.0,15.0,27.0
APP,2,7,0,39.5,39.5,35.0,44.0
UBER,2,12,0,36.5,36.5,36.0,37.0
ALKS,2,1,0,5.5,5.5,0.0,11.0
LRN,2,0,0,31.0,31.0,26.0,36.0
ALRM,2,1,0,26.0,26.0,0.0,52.0
TYL,2,7,0,56.5,56.5,42.0,71.0
HD,2,9,0,36.0,36.0,4.0,68.0
MATX,2,1,0,39.0,39.0,26.0,52.0
TTD,2,6,0,60.5,60.5,48.0,73.0
CORT,2,1,0,26.0,26.0,0.0,52.0
TRMB,2,3,0,43.5,43.5,31.0,56.0
GWRE,2,2,0,31.0,31.0,31.0,31.0
WAT,2,3,0,35.0,35.0,35.0,35.0
WDAY,2,7,2,26.5,26.5,0.0,53.0
AMT,2,1,1,23.0,23.0,9.0,37.0
MSTR,2,2,1,11.5,11.5,0.0,23.0
GEN,2,1,0,36.5,36.5,31.0,42.0
DT,2,1,0,27.5,27.5,22.0,33.0
TMUS,2,4,0,7.5,7.5,6.0,9.0
OMC,2,4,0,53.5,53.5,34.0,73.0
ORCL,2,14,0,25.0,25.0,15.0,35.0
DUOL,2,1,0,49.0,49.0,42.0,56.0
PANW,2,5,0,22.5,22.5,18.0,27.0
PAYC,2,3,0,40.0,40.0,34.0,46.0
PAYX,2,9,0,35.0,35.0,22.0,48.0
PGR,2,6,0,48.5,48.5,29.0,68.0
SWKS,2,3,0,65.5,65.5,56.0,75.0
SW,2,6,0,52.0,52.0,51.0,53.0
FLUT,2,2,1,48.5,48.5,42.0,55.0
SPGI,2,3,0,10.0,10.0,0.0,20.0
BX,2,3,1,6.0,6.0,0.0,12.0
SNPS,2,5,0,40.0,40.0,36.0,44.0
BSX,2,6,1,23.0,23.0,4.0,42.0
FDS,2,1,2,21.5,21.5,6.0,37.0
QCOM,2,8,1,4.5,4.5,2.0,7.0
RBRK,2,0,0,32.5,32.5,31.0,34.0
RKLB,2,0,1,16.5,16.5,0.0,33.0
ROP,2,8,1,30.0,30.0,29.0,31.0
AVGO,2,8,0,209.5,209.5,70.0,349.0
RYAN,2,4,0,171.5,171.5,32.0,311.0
BA,2,4,0,39.5,39.5,35.0,44.0
AXON,2,2,0,53.5,53.5,47.0,60.0
AWI,1,0,0,26.0,26.0,26.0,26.0
AYI,1,0,0,55.0,55.0,55.0,55.0
AZO,1,1,3,6.0,6.0,6.0,6.0
SCSC,1,1,0,26.0,26.0,26.0,26.0
SAIL,1,1,0,25.0,25.0,25.0,25.0
S,1,0,0,33.0,33.0,33.0,33.0
BALL,1,0,0,29.0,29.0,29.0,29.0
BANF,1,0,0,26.0,26.0,26.0,26.0
BANR,1,0,0,26.0,26.0,26.0,26.0
BAX,1,1,0,40.0,40.0,40.0,40.0
BBY,1,3,0,19.0,19.0,19.0,19.0
BCPC,1,0,0,26.0,26.0,26.0,26.0
AVNS,1,0,0,26.0,26.0,26.0,26.0
AVB,1,2,0,37.0,37.0,37.0,37.0
RNG,1,1,0,46.0,46.0,46.0,46.0
BKNG,1,8,2,0.0,0.0,0.0,0.0
AVA,1,0,0,26.0,26.0,26.0,26.0
BL,1,1,0,31.0,31.0,31.0,31.0
AUR,1,2,0,34.0,34.0,34.0,34.0
BLFS,1,1,0,26.0,26.0,26.0,26.0
RAMP,1,0,0,31.0,31.0,31.0,31.0
BLMN,1,1,0,25.0,25.0,25.0,25.0
SHAK,1,1,0,26.0,26.0,26.0,26.0
PTC,1,6,0,64.0,64.0,64.0,64.0
PRGS,1,1,0,26.0,26.0,26.0,26.0
PRGO,1,1,0,63.0,63.0,63.0,63.0
SKY,1,0,0,26.0,26.0,26.0,26.0
BRO,1,3,1,11.0,11.0,11.0,11.0
SNEX,1,1,0,26.0,26.0,26.0,26.0
PODD,1,1,2,35.0,35.0,35.0,35.0
SOFI,1,1,0,0.0,0.0,0.0,0.0
C,1,2,0,59.0,59.0,59.0,59.0
SPY,1,1,2,11.0,11.0,11.0,11.0
PLAY,1,0,0,25.0,25.0,25.0,25.0
CAG,1,1,0,38.0,38.0,38.0,38.0
CAKE,1,0,0,26.0,26.0,26.0,26.0
PINS,1,0,0,34.0,34.0,34.0,34.0
SYK,1,7,0,70.0,70.0,70.0,70.0
PCTY,1,3,0,22.0,22.0,22.0,22.0
PCOR,1,2,1,20.0,20.0,20.0,20.0
PCG$X,1,2,0,36.0,36.0,36.0,36.0
SYY,1,2,0,4.0,4.0,4.0,4.0
APOG,1,1,0,14.0,14.0,14.0,14.0
TDG,1,1,0,74.0,74.0,74.0,74.0
OTTR,1,1,0,32.0,32.0,32.0,32.0
OTIS,1,1,1,1.0,1.0,1.0,1.0
TFX,1,2,0,61.0,61.0,61.0,61.0
CCI,1,4,2,49.0,49.0,49.0,49.0
CCL,1,2,0,36.0,36.0,36.0,36.0
CDNS,1,8,2,33.0,33.0,33.0,33.0
CDW,1,2,0,26.0,26.0,26.0,26.0
OPLN,1,1,0,26.0,26.0,26.0,26.0
TLN,1,1,0,64.0,64.0,64.0,64.0
OKTA,1,0,0,23.0,23.0,23.0,23.0
NVR,1,2,0,70.0,70.0,70.0,70.0
TOST,1,3,1,31.0,31.0,31.0,31.0
NTNX,1,2,0,9.0,9.0,9.0,9.0
NSIT,1,0,1,26.0,26.0,26.0,26.0
NRG,1,3,0,35.0,35.0,35.0,35.0
NKE,1,0,1,0.0,0.0,0.0,0.0
NFLX,1,9,1,18.0,18.0,18.0,18.0
NEO,1,0,0,26.0,26.0,26.0,26.0
AMTM,1,0,0,26.0,26.0,26.0,26.0
MSI,1,8,0,10.0,10.0,10.0,10.0
AMSF,1,0,0,31.0,31.0,31.0,31.0
MSCI,1,1,0,0.0,0.0,0.0,0.0
TPG,1,0,0,56.0,56.0,56.0,56.0
MRSH,1,3,2,0.0,0.0,0.0,0.0
MOH,1,2,0,42.0,42.0,42.0,42.0
MHK,1,0,0,26.0,26.0,26.0,26.0
AMP,1,0,1,42.0,42.0,42.0,42.0
COIN,1,7,0,73.0,73.0,73.0,73.0
TSLA,1,2,1,311.0,311.0,311.0,311.0
MET,1,1,2,31.0,31.0,31.0,31.0
MDB,1,2,0,27.0,27.0,27.0,27.0
MC,1,1,0,37.0,37.0,37.0,37.0
CPRT,1,6,2,53.0,53.0,53.0,53.0
CPS,1,0,0,70.0,70.0,70.0,70.0
AMD,1,7,0,60.0,60.0,60.0,60.0
MA,1,8,0,56.0,56.0,56.0,56.0
AMCR,1,2,0,53.0,53.0,53.0,53.0
CRWD,1,6,0,64.0,64.0,64.0,64.0
LULU,1,3,0,35.0,35.0,35.0,35.0
ALNY,1,0,0,27.0,27.0,27.0,27.0
CSGP,1,6,1,0.0,0.0,0.0,0.0
CSW,1,0,0,26.0,26.0,26.0,26.0
LQDT,1,1,0,26.0,26.0,26.0,26.0
LNN,1,0,0,63.0,63.0,63.0,63.0
KNSL,1,3,0,56.0,56.0,56.0,56.0
CTSH,1,2,2,34.0,34.0,34.0,34.0
KDP,1,1,0,62.0,62.0,62.0,62.0
CVCO,1,1,0,27.0,27.0,27.0,27.0
CVLT,1,0,2,31.0,31.0,31.0,31.0
CVNA,1,1,0,70.0,70.0,70.0,70.0
UCTT,1,0,0,26.0,26.0,26.0,26.0
JJSF,1,0,0,5.0,5.0,5.0,5.0
J,1,0,1,75.0,75.0,75.0,75.0
UNF,1,1,0,14.0,14.0,14.0,14.0
ALAB,1,1,0,36.0,36.0,36.0,36.0
IQV,1,1,1,2.0,2.0,2.0,2.0
UNH,1,11,0,31.0,31.0,31.0,31.0
UNP,1,3,3,0.0,0.0,0.0,0.0
URBN,1,0,0,26.0,26.0,26.0,26.0
IDXX,1,0,1,26.0,26.0,26.0,26.0
VCTR,1,0,0,26.0,26.0,26.0,26.0
ICUI,1,2,0,31.0,31.0,31.0,31.0
HUM,1,5,1,20.0,20.0,20.0,20.0
HSTM,1,0,1,0.0,0.0,0.0,0.0
ZTS,1,1,0,75.0,75.0,75.0,75.0
HLI,1,0,1,15.0,15.0,15.0,15.0
VOO,1,2,2,47.0,47.0,47.0,47.0
HIW,1,2,1,1.0,1.0,1.0,1.0
DIS,1,6,0,22.0,22.0,22.0,22.0
DKNG,1,0,0,33.0,33.0,33.0,33.0
HE,1,0,0,19.0,19.0,19.0,19.0
VEEV,1,5,0,31.0,31.0,31.0,31.0
VST,1,1,0,24.0,24.0,24.0,24.0
GKOS,1,3,0,31.0,31.0,31.0,31.0
ADUS,1,0,0,26.0,26.0,26.0,26.0
WKC,1,0,0,26.0,26.0,26.0,26.0
AAP,1,1,0,63.0,63.0,63.0,63.0
WMT,1,4,0,54.0,54.0,54.0,54.0
WSC,1,1,0,32.0,32.0,32.0,32.0
FND,1,0,0,8.0,8.0,8.0,8.0
WSFS,1,0,0,26.0,26.0,26.0,26.0
FISV,1,9,0,35.0,35.0,35.0,35.0
DXPE,1,0,0,26.0,26.0,26.0,26.0
FICO,1,2,1,15.0,15.0,15.0,15.0
EBAY,1,2,0,27.0,27.0,27.0,27.0
ZBRA,1,3,0,35.0,35.0,35.0,35.0
EXE,1,1,0,65.0,65.0,65.0,65.0
EFX,1,4,0,42.0,42.0,42.0,42.0
EIG,1,0,0,26.0,26.0,26.0,26.0
EVTC,1,1,0,46.0,46.0,46.0,46.0
EPAC,1,0,0,26.0,26.0,26.0,26.0
EOG,1,6,0,11.0,11.0,11.0,11.0
ENPH,0,3,0,,,,
ENR,0,1,0,,,,
ENTG,0,1,0,,,,
ENVA,0,2,0,,,,
EME,0,5,0,,,,
EMBC,0,2,1,,,,
EPAM,0,2,0,,,,
EQIX,0,6,1,,,,
EQT,0,1,0,,,,
ERIE,0,0,2,,,,
ESS,0,1,1,,,,
ETR,0,2,0,,,,
EVRG,0,2,0,,,,
ELV,0,0,1,,,,
EW,0,3,0,,,,
EXC,0,2,1,,,,
ED,0,1,0,,,,
EXLS,0,2,0,,,,
EXPD,0,2,0,,,,
EXPE,0,1,0,,,,
EXR,0,1,0,,,,
EXTR,0,0,1,,,,
FANG,0,1,0,,,,
FCX,0,2,0,,,,
ECL,0,1,1,,,,
FDX,0,1,0,,,,
FE,0,2,0,,,,
FELE,0,2,0,,,,
FERG,0,2,0,,,,
FFIV,0,3,0,,,,
EAT,0,2,0,,,,
FIG,0,2,0,,,,
DXCM,0,1,0,,,,
FIX,0,5,0,,,,
DVN,0,1,0,,,,
DVA,0,2,0,,,,
FRPT,0,1,0,,,,
FSLR,0,1,1,,,,
DV,0,0,1,,,,
FTV,0,1,0,,,,
FUN,0,1,0,,,,
GBDC,0,2,0,,,,
GD,0,1,0,,,,
GDDY,0,4,2,,,,
GDYN,0,1,0,,,,
GEHC,0,3,0,,,,
DRI,0,1,0,,,,
GEO,0,1,0,,,,
GEV,0,4,0,,,,
GFF,0,1,0,,,,
GILD,0,5,0,,,,
DORM,0,1,1,,,,
DOCU,0,3,0,,,,
GLW,0,4,1,,,,
GNR,0,1,0,,,,
GNRC,0,3,0,,,,
GO,0,0,1,,,,
GOLF,0,1,0,,,,
GOOGL,0,9,0,,,,
GPI,0,1,2,,,,
GS,0,5,0,,,,
GSHD,0,2,0,,,,
GTES,0,2,0,,,,
GTLB,0,3,2,,,,
DOCS,0,2,0,,,,
HAYW,0,2,0,,,,
HCA,0,1,0,,,,
HCI,0,1,1,,,,
DLTR,0,2,0,,,,
DLR,0,4,0,,,,
HEZU,0,1,0,,,,
DIOD,0,2,0,,,,
DHI,0,1,1,,,,
HNI,0,2,0,,,,
HON,0,3,0,,,,
HPQ,0,2,0,,,,
DFH,0,1,0,,,,
HSIC,0,1,1,,,,
DELL,0,4,0,,,,
HUBB,0,1,0,,,,
DEI,0,0,2,,,,
HWM,0,1,0,,,,
IAC,0,1,0,,,,
ICE,0,4,0,,,,
DECK,0,2,0,,,,
IDCC,0,1,0,,,,
DD,0,1,0,,,,
IEMG,0,2,0,,,,
IFF,0,1,0,,,,
INSM,0,2,0,,,,
INSP,0,0,1,,,,
INTC,0,4,0,,,,
INTU,0,2,0,,,,
DAL,0,2,0,,,,
IOSP,0,2,0,,,,
D,0,2,1,,,,
IPAC,0,1,0,,,,
CXW,0,1,0,,,,
IR,0,1,0,,,,
CXM,0,1,1,,,,
CWST,0,0,2,,,,
ITRI,0,4,0,,,,
ITW,0,5,0,,,,
CW,0,1,0,,,,
JACK,0,0,1,,,,
JBL,0,4,0,,,,
JBLU,0,2,0,,,,
JBTM,0,4,0,,,,
JCI,0,1,0,,,,
CVX,0,12,0,,,,
JLL,0,0,2,,,,
CVS,0,1,0,,,,
KD,0,3,0,,,,
CURB,0,2,0,,,,
KEYS,0,3,0,,,,
KFFB,0,2,0,,,,
KKR,0,2,0,,,,
KLAC,0,2,0,,,,
KMB,0,6,0,,,,
KMI,0,2,1,,,,
CTRE,0,1,0,,,,
KNTK,0,1,0,,,,
KTB,0,2,0,,,,
KVUE,0,1,0,,,,
L,0,0,1,,,,
LAD,0,1,0,,,,
LAUR,0,2,0,,,,
LDOS,0,0,1,,,,
LGIH,0,1,0,,,,
LH,0,0,1,,,,
LIF,0,1,0,,,,
LII,0,6,0,,,,
LIN,0,7,0,,,,
LITE,0,4,0,,,,
LKQ,0,2,0,,,,
LMT,0,3,0,,,,
LNG,0,0,1,,,,
CTAS,0,3,0,,,,
LNT,0,1,0,,,,
LOAR,0,2,0,,,,
LOPE,0,0,1,,,,
CSX,0,1,0,,,,
LRCX,0,7,0,,,,
CSCO,0,9,0,,,,
CRWV,0,3,0,,,,
LUMN,0,2,0,,,,
LW,0,4,0,,,,
LYFT,0,1,0,,,,
LYV,0,1,0,,,,
LZ,0,1,0,,,,
CRK,0,1,1,,,,
MAIN,0,1,0,,,,
MAN,0,0,1,,,,
MAS,0,2,0,,,,
CRH,0,1,0,,,,
MBC,0,2,0,,,,
CPNG,0,3,1,,,,
MCHP,0,5,0,,,,
MCK,0,1,0,,,,
CPAY,0,1,0,,,,
MDLZ,0,2,0,,,,
MDT,0,1,1,,,,
COST,0,12,0,,,,
COHR,0,1,0,,,,
MGEE,0,2,2,,,,
COCO,0,2,0,,,,
MIR,0,2,0,,,,
MKL,0,0,1,,,,
MKTX,0,4,1,,,,
MLKN,0,0,1,,,,
MLM,0,2,0,,,,
MMI,0,2,0,,,,
MMSI,0,1,1,,,,
MNRO,0,1,0,,,,
MNST,0,1,0,,,,
MO,0,4,0,,,,
CNR,0,1,0,,,,
MORN,0,4,0,,,,
MPT,0,1,0,,,,
MPWR,0,6,0,,,,
MRK,0,6,0,,,,
MRNA,0,2,0,,,,
MRP,0,1,0,,,,
CNK,0,3,0,,,,
MRVL,0,1,1,,,,
CMS,0,2,1,,,,
CMI,0,2,0,,,,
CMG,0,6,0,,,,
CME,0,5,1,,,,
MTCH,0,1,0,,,,
MTD,0,0,1,,,,
MU,0,6,0,,,,
NABL,0,1,0,,,,
NAVI,0,3,0,,,,
NBTB,0,2,0,,,,
NDAQ,0,1,1,,,,
NEE,0,4,0,,,,
NEM,0,4,0,,,,
CMCSA,0,6,0,,,,
NET,0,1,0,,,,
CLSM,0,1,0,,,,
NI,0,2,0,,,,
CLSK,0,0,1,,,,
NOC,0,1,0,,,,
NOG,0,1,0,,,,
NOW,0,8,1,,,,
CINF,0,1,2,,,,
CIEN,0,2,0,,,,
NSP,0,3,0,,,,
NTAP,0,5,0,,,,
CHTR,0,1,0,,,,
NTRA,0,0,2,,,,
NUE,0,1,0,,,,
CHE,0,2,0,,,,
CHDN,0,3,0,,,,
NXT,0,1,0,,,,
O,0,1,0,,,,
ODFL,0,1,1,,,,
OGE,0,0,1,,,,
OKE,0,4,0,,,,
CHD,0,4,0,,,,
OLED,0,0,1,,,,
CEG,0,0,1,,,,
ON,0,5,0,,,,
CE,0,3,0,,,,
CBSH,0,1,1,,,,
OSIS,0,1,0,,,,
CBRE,0,6,1,,,,
CBOE,0,1,0,,,,
CAT,0,4,1,,,,
PATH,0,1,0,,,,
PATK,0,1,1,,,,
CASY,0,2,0,,,,
PAYO,0,2,2,,,,
CASH,0,1,0,,,,
PBI,0,1,0,,,,
PBOG,0,1,0,,,,
PCAR,0,2,0,,,,
CART,0,1,0,,,,
CARS,0,0,1,,,,
CARR,0,3,0,,,,
PECO,0,1,0,,,,
PEG,0,1,0,,,,
PENG,0,2,0,,,,
PEP,0,8,1,,,,
PFE,0,5,0,,,,
CARG,0,1,1,,,,
PH,0,5,0,,,,
PHM,0,0,1,,,,
CALM,0,2,0,,,,
PJT,0,0,1,,,,
CACC,0,0,1,,,,
PLD,0,4,0,,,,
PLMR,0,3,0,,,,
PLNT,0,0,1,,,,
CABO,0,1,0,,,,
PLXS,0,1,1,,,,
PM,0,12,0,,,,
PNW,0,2,0,,,,
BSY,0,3,0,,,,
POOL,0,3,1,,,,
POWI,0,2,0,,,,
PPL,0,2,0,,,,
PRAA,0,3,0,,,,
BR,0,3,0,,,,
BOX,0,2,0,,,,
PRIM,0,1,0,,,,
PRLB,0,1,0,,,,
PRU,0,0,2,,,,
PRVA,0,1,0,,,,
PSMT,0,3,0,,,,
BOOT,0,0,1,,,,
PTCT,0,4,0,,,,
PTEN,0,1,0,,,,
PWR,0,6,0,,,,
PYPL,0,7,0,,,,
PZZA,0,2,1,,,,
Q,0,4,0,,,,
BMI,0,3,1,,,,
QNST,0,2,0,,,,
RAL,0,3,0,,,,
BLK,0,7,1,,,,
RBA,0,2,0,,,,
RBLX,0,3,3,,,,
BLDR,0,0,2,,,,
RDDT,0,1,1,,,,
RDN,0,0,1,,,,
REGN,0,1,0,,,,
RGLD,0,1,0,,,,
RHI,0,1,2,,,,
RITM,0,2,0,,,,
RJF,0,4,0,,,,
BKR,0,1,0,,,,
RKT,0,0,3,,,,
RMD,0,2,0,,,,
BGC,0,2,0,,,,
ROCK,0,1,1,,,,
ROK,0,2,0,,,,
ROKU,0,1,0,,,,
BEN,0,1,0,,,,
RRC,0,0,1,,,,
RRR,0,2,1,,,,
RTX,0,2,0,,,,
BE,0,1,0,,,,
BAH,0,2,0,,,,
SABR,0,1,1,,,,
SAFE,0,2,0,,,,
BAC,0,2,3,,,,
SANM,0,1,1,,,,
SBSI,0,1,0,,,,
SBUX,0,10,0,,,,
SCIO,0,0,1,,,,
AVY,0,1,0,,,,
SCVL,0,0,1,,,,
SDGR,0,1,0,,,,
SFM,0,2,0,,,,
ATR,0,1,0,,,,
ASTS,0,2,0,,,,
SLM,0,1,0,,,,
SLVM,0,1,0,,,,
SMCI,0,5,0,,,,
SNA,0,3,0,,,,
SNAP,0,3,0,,,,
SNDK,0,5,0,,,,
ASTH,0,1,0,,,,
SNOW,0,5,3,,,,
AROC,0,3,0,,,,
ARLO,0,2,0,,,,
SOLV,0,3,0,,,,
ARES,0,1,0,,,,
SPHR,0,1,0,,,,
ARE,0,1,0,,,,
SRPT,0,2,0,,,,
SSTK,0,0,1,,,,
STEP,0,1,1,,,,
STLD,0,1,0,,,,
STT,0,1,0,,,,
STZ,0,1,0,,,,
ARCC,0,1,0,,,,
APTV,0,2,0,,,,
SXC,0,1,0,,,,
APPN,0,1,0,,,,
A,0,4,0,,,,
T,0,6,0,,,,
APH,0,6,0,,,,
TDY,0,4,0,,,,
APG,0,1,0,,,,
TECH,0,1,0,,,,
TEL,0,4,0,,,,
TER,0,6,0,,,,
APD,0,1,0,,,,
TGT,0,4,0,,,,
TGTX,0,2,1,,,,
THG,0,2,0,,,,
THRM,0,1,1,,,,
TKO,0,1,0,,,,
APAM,0,2,0,,,,
TMO,0,3,0,,,,
ANGI,0,0,1,,,,
TNDM,0,0,1,,,,
TOL,0,1,0,,,,
ANET,0,7,0,,,,
AMRX,0,2,0,,,,
TPL,0,1,0,,,,
TPR,0,1,0,,,,
TRGP,0,2,2,,,,
TRIP,0,1,0,,,,
AMN,0,1,0,,,,
TRNO,0,4,0,,,,
TROW,0,0,1,,,,
TRUP,0,1,1,,,,
AMGN,0,3,0,,,,
TSLX,0,1,0,,,,
TSN,0,1,0,,,,
TT,0,4,0,,,,
TTAN,0,0,1,,,,
AME,0,3,0,,,,
TTEK,0,1,0,,,,
TTMI,0,0,1,,,,
TTWO,0,0,1,,,,
TXN,0,4,0,,,,
AMAT,0,7,0,,,,
ALGN,0,1,0,,,,
AAT,0,1,0,,,,
UFPT,0,0,2,,,,
ULTA,0,5,0,,,,
ALB,0,2,0,,,,
AGYS,0,2,1,,,,
UNIT,0,1,0,,,,
AGX,0,1,0,,,,
UPBD,0,0,1,,,,
UPS,0,6,0,,,,
UPST,0,2,1,,,,
AGNT,0,0,1,,,,
URI,0,1,1,,,,
AFL,0,2,0,,,,
VCEL,0,0,1,,,,
AEIS,0,0,1,,,,
ALG,0,2,0,,,,
VICI,0,3,0,,,,
VITL,0,2,0,,,,
VLO,0,1,0,,,,
VLTO,0,2,1,,,,
WELL,0,2,0,,,,
VRNS,0,0,1,,,,
VRRM,0,4,0,,,,
VRSK,0,0,3,,,,
VRSN,0,4,0,,,,
VRT,0,1,0,,,,
VRTX,0,4,0,,,,
VSAT,0,1,0,,,,
WMB,0,4,0,,,,
AEE,0,2,0,,,,
VTR,0,2,0,,,,
VYM,0,0,1,,,,
VYX,0,3,0,,,,
ADMA,0,1,2,,,,
WAY,0,1,0,,,,
WBD,0,1,0,,,,
WD,0,2,0,,,,
ADI,0,5,0,,,,
WEC,0,3,0,,,,
AAPL,0,8,0,,,,
WERN,0,1,0,,,,
WGO,0,1,0,,,,
WHD,0,0,1,,,,
WHR,0,1,0,,,,
WING,0,1,0,,,,
ACLS,0,1,1,,,,
WM,0,5,0,,,,
ACIW,0,1,3,,,,
WMG,0,0,1,,,,
ACI,0,0,1,,,,
ACHR,0,0,1,,,,
ABT,0,0,1,,,,
WSM,0,2,0,,,,
WT,0,1,0,,,,
WWD,0,1,0,,,,
WWW,0,1,0,,,,
XEL,0,2,0,,,,
XLE,0,1,0,,,,
XLF,0,1,0,,,,
XLK,0,1,0,,,,
XLP,0,1,0,,,,
XLY,0,1,0,,,,
XOM,0,9,0,,,,
XYL,0,3,1,,,,
XYZ,0,2,0,,,,
YELP,0,1,1,,,,
YUM,0,2,0,,,,
ZBH,0,2,0,,,,
ABNB,0,5,1,,,,
ZD,0,0,2,,,,
ZG,0,3,1,,,,
ABBV,0,5,0,,,,
