date,position_cost,position_mtm,n_open_lots,n_tickers,realized_pnl,unrealized_pnl,total_pnl,daily_pnl,cum_pnl
2025-01-27,0.0,0.0,0,0,0.0,0.0,0.0,0.0,0.0
2025-01-28,0.0,0.0,0,0,0.0,0.0,0.0,0.0,0.0
2025-01-29,0.0,0.0,0,0,0.0,0.0,0.0,0.0,0.0
2025-01-30,0.0,0.0,0,0,0.0,0.0,0.0,0.0,0.0
2025-01-31,0.0,0.0,0,0,0.0,0.0,0.0,0.0,0.0
2025-02-03,0.0,0.0,0,0,0.0,0.0,0.0,0.0,0.0
2025-02-04,0.0,0.0,0,0,0.0,0.0,0.0,0.0,0.0
2025-02-05,0.0,0.0,0,0,0.0,0.0,0.0,0.0,0.0
2025-02-06,0.0,0.0,0,0,0.0,0.0,0.0,0.0,0.0
2025-02-07,0.0,0.0,0,0,0.0,0.0,0.0,0.0,0.0
2025-02-10,0.0,0.0,0,0,0.0,0.0,0.0,0.0,0.0
2025-02-11,0.0,0.0,0,0,0.0,0.0,0.0,0.0,0.0
2025-02-12,0.0,0.0,0,0,0.0,0.0,0.0,0.0,0.0
2025-02-13,0.0,0.0,0,0,0.0,0.0,0.0,0.0,0.0
2025-02-14,0.0,0.0,0,0,0.0,0.0,0.0,0.0,0.0
2025-02-18,0.0,0.0,0,0,0.0,0.0,0.0,0.0,0.0
2025-02-19,0.0,0.0,0,0,0.0,0.0,0.0,0.0,0.0
2025-02-20,0.0,0.0,0,0,0.0,0.0,0.0,0.0,0.0
2025-02-21,0.0,0.0,0,0,0.0,0.0,0.0,0.0,0.0
2025-02-24,0.0,0.0,0,0,0.0,0.0,0.0,0.0,0.0
2025-02-25,0.0,0.0,0,0,0.0,0.0,0.0,0.0,0.0
2025-02-26,250001.0,250001.0,1,1,0.0,0.0,0.0,0.0,0.0
2025-02-27,250001.0,244263.9665645848,1,1,0.0,-5737.033435415189,-5737.033435415189,-5737.033435415189,-5737.033435415189
2025-02-28,250001.0,247959.99906483587,1,1,0.0,-2041.0009351641302,-2041.0009351641302,3696.032500251059,-2041.0009351641302
2025-03-03,250001.0,243080.22559013305,1,1,0.0,-6920.774409866941,-6920.774409866941,-4879.773474702811,-6920.774409866941
2025-03-04,350002.0,337496.3695555637,2,2,0.0,-12505.63044443627,-12505.63044443627,-5584.8560345693295,-12505.63044443627
2025-03-05,350002.0,341342.7914594635,2,2,0.0,-8659.208540536534,-8659.208540536534,3846.421903899736,-8659.208540536534
2025-03-06,350002.0,330104.69879061176,2,2,0.0,-19897.301209388235,-19897.301209388235,-11238.092668851701,-19897.301209388235
2025-03-07,350002.0,329262.3336591812,2,2,0.0,-20739.666340818774,-20739.666340818774,-842.3651314305389,-20739.666340818774
2025-03-10,350002.0,312521.80301955435,2,2,0.0,-37480.19698044565,-37480.19698044565,-16740.53063962688,-37480.19698044565
2025-03-11,365003.0,333623.89612166886,3,3,0.0,-31379.103878331152,-31379.103878331152,6101.093102114501,-31379.103878331152
2025-03-12,365003.0,338620.22775966325,3,3,0.0,-26382.772240336737,-26382.772240336737,4996.331637994415,-26382.772240336737
2025-03-13,365003.0,327685.0340479356,3,3,0.0,-37317.96595206437,-37317.96595206437,-10935.193711727632,-37317.96595206437
2025-03-14,365003.0,333691.92756647896,3,3,0.0,-31311.072433521018,-31311.072433521018,6006.893518543351,-31311.072433521018
2025-03-17,366004.0,333455.7224724975,4,4,0.0,-32548.277527502494,-32548.277527502494,-1237.2050939814762,-32548.277527502494
2025-03-18,411007.0,371392.54675855505,7,7,0.0,-39614.45324144498,-39614.45324144498,-7066.175713942484,-39614.45324144498
2025-03-19,411007.0,374200.61246688105,7,7,0.0,-36806.38753311895,-36806.38753311895,2808.0657083260303,-36806.38753311895
2025-03-20,411007.0,377942.58928317064,7,7,0.0,-33064.4107168294,-33064.4107168294,3741.976816289549,-33064.4107168294
2025-03-21,411007.0,381551.3946107983,7,7,0.0,-29455.605389201697,-29455.605389201697,3608.8053276277024,-29455.605389201697
2025-03-24,411007.0,392148.4801158839,7,7,0.0,-18858.51988411604,-18858.51988411604,10597.085505085655,-18858.51988411604
2025-03-25,411007.0,395897.6525005838,7,7,0.0,-15109.34749941619,-15109.34749941619,3749.172384699852,-15109.34749941619
2025-03-26,411007.0,388098.41011552216,7,7,0.0,-22908.589884477788,-22908.589884477788,-7799.242385061598,-22908.589884477788
2025-03-27,411007.0,380922.2207637584,7,7,0.0,-30084.77923624157,-30084.77923624157,-7176.189351763784,-30084.77923624157
2025-03-28,411007.0,370282.7295207368,7,7,0.0,-40724.27047926318,-40724.27047926318,-10639.491243021606,-40724.27047926318
2025-03-31,411007.0,372417.523118075,7,7,0.0,-38589.47688192502,-38589.47688192502,2134.793597338161,-38589.47688192502
2025-04-01,411007.0,376629.3090027154,7,7,0.0,-34377.69099728459,-34377.69099728459,4211.785884640427,-34377.69099728459
2025-04-02,411007.0,373964.2874511078,7,7,0.0,-37042.712548892145,-37042.712548892145,-2665.021551607555,-37042.712548892145
2025-04-03,411007.0,350975.2486984524,7,7,0.0,-60031.75130154761,-60031.75130154761,-22989.038752655462,-60031.75130154761
2025-04-04,411007.0,335836.13336078834,7,7,0.0,-75170.86663921172,-75170.86663921172,-15139.115337664109,-75170.86663921172
2025-04-07,411007.0,341673.65361448866,7,7,0.0,-69333.34638551134,-69333.34638551134,5837.520253700379,-69333.34638551134
2025-04-08,411007.0,336890.10002963035,7,7,0.0,-74116.89997036966,-74116.89997036966,-4783.553584858324,-74116.89997036966
2025-04-09,411007.0,370928.1839796977,7,7,0.0,-40078.81602030228,-40078.81602030228,34038.08395006738,-40078.81602030228
2025-04-10,411007.0,354162.7491598287,7,7,0.0,-56844.250840171255,-56844.250840171255,-16765.434819868977,-56844.250840171255
2025-04-11,411007.0,354519.20592283126,7,7,0.0,-56487.794077168706,-56487.794077168706,356.45676300254854,-56487.794077168706
2025-04-14,411007.0,350250.53089731646,7,7,0.0,-60756.46910268358,-60756.46910268358,-4268.675025514873,-60756.46910268358
2025-04-15,411007.0,345778.234173885,7,7,0.0,-65228.765826115,-65228.765826115,-4472.29672343142,-65228.765826115
2025-04-16,411007.0,335050.8233132686,7,7,0.0,-75956.17668673139,-75956.17668673139,-10727.410860616386,-75956.17668673139
2025-04-17,411007.0,333085.83833195956,7,7,0.0,-77921.16166804043,-77921.16166804043,-1964.9849813090404,-77921.16166804043
2025-04-21,411007.0,324785.0462769549,7,7,0.0,-86221.95372304515,-86221.95372304515,-8300.792055004727,-86221.95372304515
2025-04-22,411007.0,328906.46484150726,7,7,0.0,-82100.53515849273,-82100.53515849273,4121.418564552427,-82100.53515849273
2025-04-23,411007.0,337917.0399227764,7,7,0.0,-73089.96007722364,-73089.96007722364,9010.575081269082,-73089.96007722364
2025-04-24,411007.0,345616.7650017171,7,7,0.0,-65390.23499828293,-65390.23499828293,7699.725078940712,-65390.23499828293
2025-04-25,411007.0,350702.8387936249,7,7,0.0,-60304.161206375094,-60304.161206375094,5086.073791907838,-60304.161206375094
2025-04-28,411007.0,355442.297519814,7,7,0.0,-55564.70248018602,-55564.70248018602,4739.458726189077,-55564.70248018602
2025-04-29,411007.0,357301.77303348324,7,7,0.0,-53705.22696651682,-53705.22696651682,1859.4755136691965,-53705.22696651682
2025-04-30,411007.0,347340.2420500554,7,7,0.0,-63666.75794994457,-63666.75794994457,-9961.53098342775,-63666.75794994457
2025-05-01,411007.0,362562.3175739347,7,7,0.0,-48444.68242606536,-48444.68242606536,15222.075523879212,-48444.68242606536
2025-05-02,411007.0,372569.84021727735,7,7,0.0,-38437.15978272267,-38437.15978272267,10007.522643342687,-38437.15978272267
2025-05-05,411007.0,372872.22417687764,7,7,0.0,-38134.775823122414,-38134.775823122414,302.3839596002581,-38134.775823122414
2025-05-06,411007.0,364999.108872491,7,7,0.0,-46007.89112750904,-46007.89112750904,-7873.115304386629,-46007.89112750904
2025-05-07,411007.0,357787.496410286,7,7,0.0,-53219.503589714026,-53219.503589714026,-7211.612462204983,-53219.503589714026
2025-05-08,411007.0,365270.6901256145,7,7,0.0,-45736.30987438547,-45736.30987438547,7483.193715328554,-45736.30987438547
2025-05-09,411007.0,366727.34992128523,7,7,0.0,-44279.650078714745,-44279.650078714745,1456.6597956707265,-44279.650078714745
2025-05-12,411007.0,386953.603078927,7,7,0.0,-24053.39692107303,-24053.39692107303,20226.253157641717,-24053.39692107303
2025-05-13,411007.0,398861.0913847514,7,7,0.0,-12145.908615248625,-12145.908615248625,11907.488305824403,-12145.908615248625
2025-05-14,411007.0,400821.8218584024,7,7,0.0,-10185.178141597653,-10185.178141597653,1960.7304736509723,-10185.178141597653
2025-05-15,411007.0,395382.43992884684,7,7,0.0,-15624.56007115315,-15624.56007115315,-5439.381929555497,-15624.56007115315
2025-05-16,411007.0,393202.59480169555,7,7,0.0,-17804.405198304412,-17804.405198304412,-2179.845127151262,-17804.405198304412
2025-05-19,411007.0,390084.1560129517,7,7,0.0,-20922.843987048283,-20922.843987048283,-3118.4387887438716,-20922.843987048283
2025-05-20,411007.0,390408.9922388479,7,7,0.0,-20598.007761152094,-20598.007761152094,324.8362258961897,-20598.007761152094
2025-05-21,411007.0,389363.8050928695,7,7,0.0,-21643.1949071305,-21643.1949071305,-1045.1871459784052,-21643.1949071305
2025-05-22,411007.0,390809.7239019459,7,7,0.0,-20197.276098054084,-20197.276098054084,1445.9188090764146,-20197.276098054084
2025-05-23,411007.0,389126.99367233814,7,7,0.0,-21880.006327661893,-21880.006327661893,-1682.7302296078087,-21880.006327661893
2025-05-27,411007.0,397656.88266192295,7,7,0.0,-13350.11733807706,-13350.11733807706,8529.888989584833,-13350.11733807706
2025-05-28,411007.0,398991.3817935063,7,7,0.0,-12015.618206493686,-12015.618206493686,1334.499131583374,-12015.618206493686
2025-05-29,411007.0,400459.4066652876,7,7,0.0,-10547.593334712326,-10547.593334712326,1468.0248717813593,-10547.593334712326
2025-05-30,411007.0,400777.99492359924,7,7,0.0,-10229.00507640075,-10229.00507640075,318.5882583115763,-10229.00507640075
2025-06-02,411007.0,408198.860834587,7,7,0.0,-2808.139165413021,-2808.139165413021,7420.865910987729,-2808.139165413021
2025-06-03,461008.0,456839.17219704355,8,7,0.0,-4168.827802956484,-4168.827802956484,-1360.6886375434633,-4168.827802956484
2025-06-04,461008.0,469198.74629771657,8,7,0.0,8190.746297716605,8190.746297716605,12359.57410067309,8190.746297716605
2025-06-05,461008.0,461918.4166920291,8,7,0.0,910.4166920291184,910.4166920291184,-7280.329605687487,910.4166920291184
2025-06-06,461008.0,466584.7606713027,8,7,0.0,5576.760671302594,5576.760671302594,4666.343979273476,5576.760671302594
2025-06-09,461008.0,466092.0600935545,8,7,0.0,5084.060093554448,5084.060093554448,-492.7005777481463,5084.060093554448
2025-06-10,461008.0,473321.0644905516,8,7,0.0,12313.06449055156,12313.06449055156,7229.004396997112,12313.06449055156
2025-06-11,461008.0,471381.3267010455,8,7,0.0,10373.326701045553,10373.326701045553,-1939.7377895060072,10373.326701045553
2025-06-12,461008.0,461255.8166591642,8,7,0.0,247.81665916420934,247.81665916420934,-10125.510041881344,247.81665916420934
2025-06-13,461008.0,457300.5906226737,8,7,0.0,-3707.409377326309,-3707.409377326309,-3955.2260364905183,-3707.409377326309
2025-06-16,461008.0,471068.5292892532,8,7,0.0,10060.529289253169,10060.529289253169,13767.938666579477,10060.529289253169
2025-06-17,461008.0,465494.64231856813,8,7,0.0,4486.642318568109,4486.642318568109,-5573.88697068506,4486.642318568109
2025-06-18,461008.0,470834.153492864,8,7,0.0,9826.153492863968,9826.153492863968,5339.51117429586,9826.153492863968
2025-06-20,461008.0,466911.5290567093,8,7,0.0,5903.529056709395,5903.529056709395,-3922.6244361545732,5903.529056709395
2025-06-23,461008.0,475564.5404447531,8,7,0.0,14556.54044475309,14556.54044475309,8653.011388043695,14556.54044475309
2025-06-24,461008.0,481042.907091508,8,7,0.0,20034.907091507932,20034.907091507932,5478.366646754843,20034.907091507932
2025-06-25,461008.0,478660.0149905113,8,7,0.0,17652.014990511358,17652.014990511358,-2382.8921009965743,17652.014990511358
2025-06-26,461008.0,486135.9105715504,8,7,0.0,25127.910571550434,25127.910571550434,7475.895581039076,25127.910571550434
2025-06-27,461008.0,493766.7271898629,8,7,0.0,32758.72718986289,32758.72718986289,7630.816618312456,32758.72718986289
2025-06-30,461008.0,501525.60082922823,8,7,0.0,40517.60082922825,40517.60082922825,7758.87363936536,40517.60082922825
2025-07-01,461008.0,490011.98674274265,8,7,0.0,29003.986742742636,29003.986742742636,-11513.614086485613,29003.986742742636
2025-07-02,461008.0,493401.5345639078,8,7,0.0,32393.534563907786,32393.534563907786,3389.54782116515,32393.534563907786
2025-07-03,461008.0,494580.7389306331,8,7,0.0,33572.73893063315,33572.73893063315,1179.2043667253674,33572.73893063315
2025-07-07,461008.0,497095.2413461934,8,7,0.0,36087.24134619339,36087.24134619339,2514.502415560237,36087.24134619339
2025-07-08,461008.0,498070.7114833888,8,7,0.0,37062.71148338882,37062.71148338882,975.4701371954288,37062.71148338882
2025-07-09,461008.0,498338.55986448727,8,7,0.0,37330.55986448728,37330.55986448728,267.8483810984617,37330.55986448728
2025-07-10,461008.0,504721.26541681966,8,7,0.0,43713.26541681963,43713.26541681963,6382.705552332351,43713.26541681963
2025-07-11,461008.0,500287.2475590056,8,7,0.0,39279.24755900556,39279.24755900556,-4434.017857814069,39279.24755900556
2025-07-14,461008.0,501577.7818217638,8,7,0.0,40569.78182176378,40569.78182176378,1290.5342627582213,40569.78182176378
2025-07-15,461008.0,497521.1315131123,8,7,0.0,36513.13151311219,36513.13151311219,-4056.650308651595,36513.13151311219
2025-07-16,461008.0,493840.80095225,8,7,0.0,32832.800952250014,32832.800952250014,-3680.330560862174,32832.800952250014
2025-07-17,461008.0,499543.7978760436,8,7,0.0,38535.79787604365,38535.79787604365,5702.996923793638,38535.79787604365
2025-07-18,461008.0,501969.5094231776,8,7,0.0,40961.50942317757,40961.50942317757,2425.7115471339202,40961.50942317757
2025-07-21,461008.0,506435.3396682713,8,7,0.0,45427.339668271285,45427.339668271285,4465.830245093712,45427.339668271285
2025-07-22,461008.0,509898.2910835129,8,7,0.0,48890.29108351295,48890.29108351295,3462.951415241667,48890.29108351295
2025-07-23,461008.0,511418.72478377697,8,7,0.0,50410.72478377693,50410.72478377693,1520.4337002639804,50410.72478377693
2025-07-24,461008.0,513964.2972898097,8,7,0.0,52956.29728980974,52956.29728980974,2545.5725060328114,52956.29728980974
2025-07-25,461008.0,514660.26709345984,8,7,0.0,53652.26709345982,53652.26709345982,695.9698036500777,53652.26709345982
2025-07-28,461008.0,517426.0487896157,8,7,0.0,56418.04878961567,56418.04878961567,2765.781696155849,56418.04878961567
2025-07-29,461008.0,509661.1090944336,8,7,0.0,48653.109094433625,48653.109094433625,-7764.939695182045,48653.109094433625
2025-07-30,461008.0,507934.44872378244,8,7,0.0,46926.44872378245,46926.44872378245,-1726.6603706511742,46926.44872378245
2025-07-31,461008.0,533116.5188978921,8,7,0.0,72108.51889789206,72108.51889789206,25182.070174109613,72108.51889789206
2025-08-01,461008.0,522024.5212015091,8,7,0.0,61016.5212015092,61016.5212015092,-11091.997696382867,61016.5212015092
2025-08-04,461008.0,526459.7529649545,8,7,0.0,65451.75296495451,65451.75296495451,4435.231763445314,65451.75296495451
2025-08-05,461008.0,520974.6210262575,8,7,0.0,59966.62102625754,59966.62102625754,-5485.13193869697,59966.62102625754
2025-08-06,461008.0,526386.636139647,8,7,0.0,65378.63613964689,65378.63613964689,5412.015113389352,65378.63613964689
2025-08-07,461008.0,525453.5079381271,8,7,0.0,64445.50793812714,64445.50793812714,-933.1282015197503,64445.50793812714
2025-08-08,461008.0,537618.0402221278,8,7,0.0,76610.04022212782,76610.04022212782,12164.532284000677,76610.04022212782
2025-08-11,461008.0,526407.2896839613,8,7,0.0,65399.2896839613,65399.2896839613,-11210.750538166518,65399.2896839613
2025-08-12,461008.0,540932.4630043183,8,7,0.0,79924.4630043183,79924.4630043183,14525.173320356997,79924.4630043183
2025-08-13,461008.0,533741.8410744944,8,7,0.0,72733.84107449443,72733.84107449443,-7190.621929823872,72733.84107449443
2025-08-14,461008.0,539378.361261912,8,7,0.0,78370.3612619121,78370.3612619121,5636.520187417671,78370.3612619121
2025-08-15,461008.0,539279.3849713817,8,7,0.0,78271.38497138186,78271.38497138186,-98.97629053023411,78271.38497138186
2025-08-18,461008.0,532984.4561638724,8,7,0.0,71976.4561638724,71976.4561638724,-6294.928807509466,71976.4561638724
2025-08-19,461008.0,526867.8862684303,8,7,0.0,65859.88626843033,65859.88626843033,-6116.569895442066,65859.88626843033
2025-08-20,461008.0,524750.934035528,8,7,0.0,63742.93403552803,63742.93403552803,-2116.952232902302,63742.93403552803
2025-08-21,461008.0,521063.1277227065,8,7,0.0,60055.127722706464,60055.127722706464,-3687.8063128215654,60055.127722706464
2025-08-22,461008.0,533112.0725351634,8,7,0.0,72104.0725351634,72104.0725351634,12048.944812456939,72104.0725351634
2025-08-25,461008.0,538515.9620990489,8,7,0.0,77507.96209904882,77507.96209904882,5403.889563885416,77507.96209904882
2025-08-26,461008.0,539580.0867924994,8,7,0.0,78572.08679249941,78572.08679249941,1064.1246934505907,78572.08679249941
2025-08-27,461008.0,526215.8869270888,8,7,0.0,65207.88692708879,65207.88692708879,-13364.199865410621,65207.88692708879
2025-08-28,461008.0,527925.7143091782,8,7,0.0,66917.71430917819,66917.71430917819,1709.8273820894028,66917.71430917819
2025-08-29,461008.0,521424.38470905804,8,7,0.0,60416.38470905802,60416.38470905802,-6501.329600120174,60416.38470905802
2025-09-02,461008.0,519424.9755420321,8,7,0.0,58416.9755420321,58416.9755420321,-1999.409167025915,58416.9755420321
2025-09-03,461008.0,520830.95687930443,8,7,0.0,59822.956879304475,59822.956879304475,1405.981337272373,59822.956879304475
2025-09-04,461008.0,525995.858053279,8,7,0.0,64987.858053278986,64987.858053278986,5164.901173974511,64987.858053278986
2025-09-05,461008.0,526796.9235805455,8,7,0.0,65788.92358054547,65788.92358054547,801.0655272664808,65788.92358054547
2025-09-08,461008.0,527153.3669020748,8,7,0.0,66145.36690207475,66145.36690207475,356.4433215292811,66145.36690207475
2025-09-09,461008.0,539506.4508785602,8,7,0.0,78498.45087856021,78498.45087856021,12353.08397648546,78498.45087856021
2025-09-10,461008.0,544722.7293548709,8,7,0.0,83714.72935487083,83714.72935487083,5216.278476310617,83714.72935487083
2025-09-11,461008.0,543221.6073004049,8,7,0.0,82213.60730040495,82213.60730040495,-1501.1220544658718,82213.60730040495
2025-09-12,461008.0,546491.3249404563,8,7,0.0,85483.32494045628,85483.32494045628,3269.717640051327,85483.32494045628
2025-09-15,461008.0,569990.8709417193,8,7,0.0,108982.87094171923,108982.87094171923,23499.54600126295,108982.87094171923
2025-09-16,461008.0,576094.0745260175,8,7,0.0,115086.07452601749,115086.07452601749,6103.203584298259,115086.07452601749
2025-09-17,461008.0,555669.3894983568,8,7,0.0,94661.38949835682,94661.38949835682,-20424.68502766067,94661.38949835682
2025-09-18,461008.0,556985.5790619301,8,7,0.0,95977.57906193013,95977.57906193013,1316.189563573309,95977.57906193013
2025-09-19,461008.0,558860.5374623939,8,7,0.0,97852.53746239388,97852.53746239388,1874.9584004637582,97852.53746239388
2025-09-22,461008.0,555147.2930910632,8,7,0.0,94139.29309106323,94139.29309106323,-3713.2443713306566,94139.29309106323
2025-09-23,461008.0,570926.888034511,8,7,0.0,109918.88803451092,109918.88803451092,15779.594943447693,109918.88803451092
2025-09-24,461008.0,569640.375819428,8,7,0.0,108632.37581942798,108632.37581942798,-1286.512215082941,108632.37581942798
2025-09-25,461008.0,553083.2576213551,8,7,0.0,92075.25762135515,92075.25762135515,-16557.11819807283,92075.25762135515
2025-09-26,461008.0,567204.1186727432,8,7,0.0,106196.11867274319,106196.11867274319,14120.861051388041,106196.11867274319
2025-09-29,461008.0,550257.4196269985,8,7,0.0,89249.4196269985,89249.4196269985,-16946.699045744695,89249.4196269985
2025-09-30,461008.0,551119.150695745,8,7,0.0,90111.15069574502,90111.15069574502,861.7310687465215,90111.15069574502
2025-10-01,461008.0,545858.6056703985,8,7,0.0,84850.60567039845,84850.60567039845,-5260.545025346568,84850.60567039845
2025-10-02,461008.0,545932.2227676465,8,7,0.0,84924.22276764654,84924.22276764654,73.61709724809043,84924.22276764654
2025-10-03,461008.0,559002.4902621588,8,7,0.0,97994.4902621588,97994.4902621588,13070.267494512256,97994.4902621588
2025-10-06,461008.0,565058.8413654715,8,7,0.0,104050.8413654714,104050.8413654714,6056.351103312598,104050.8413654714
2025-10-07,461008.0,562826.5638830612,8,7,0.0,101818.56388306114,101818.56388306114,-2232.2774824102526,101818.56388306114
2025-10-08,461008.0,568070.9542228511,8,7,0.0,107062.95422285117,107062.95422285117,5244.3903397900285,107062.95422285117
2025-10-09,461008.0,567686.2497572107,8,7,0.0,106678.24975721062,106678.24975721062,-384.70446564054873,106678.24975721062
2025-10-10,461008.0,542775.8194082258,8,7,0.0,81767.81940822587,81767.81940822587,-24910.43034898475,81767.81940822587
2025-10-13,461008.0,552591.4885671802,8,7,0.0,91583.4885671802,91583.4885671802,9815.669158954333,91583.4885671802
2025-10-14,461008.0,531439.7872816218,8,7,0.0,70431.78728162184,70431.78728162184,-21151.70128555836,70431.78728162184
2025-10-15,461008.0,562479.1088810528,8,7,0.0,101471.10888105277,101471.10888105277,31039.32159943093,101471.10888105277
2025-10-16,461008.0,546920.323490197,8,7,0.0,85912.32349019694,85912.32349019694,-15558.785390855832,85912.32349019694
2025-10-17,461008.0,554234.870555061,8,7,0.0,93226.87055506113,93226.87055506113,7314.547064864193,93226.87055506113
2025-10-20,461008.0,568477.7364950461,8,7,0.0,107469.73649504605,107469.73649504605,14242.865939984913,107469.73649504605
2025-10-21,461008.0,573585.9072570252,8,7,0.0,112577.90725702523,112577.90725702523,5108.170761979185,112577.90725702523
2025-10-22,461008.0,568589.0466510536,8,7,0.0,107581.04665105352,107581.04665105352,-4996.860605971713,107581.04665105352
2025-10-23,461008.0,562064.1242164569,8,7,0.0,101056.12421645685,101056.12421645685,-6524.922434596665,101056.12421645685
2025-10-24,461008.0,569350.1752356851,8,7,0.0,108342.17523568505,108342.17523568505,7286.0510192281945,108342.17523568505
2025-10-27,461008.0,567720.6776881973,8,7,0.0,106712.67768819735,106712.67768819735,-1629.4975474876992,106712.67768819735
2025-10-28,461008.0,565381.1594754352,8,7,0.0,104373.15947543526,104373.15947543526,-2339.5182127620938,104373.15947543526
2025-10-29,461008.0,582328.3549595224,8,7,0.0,121320.35495952236,121320.35495952236,16947.195484087104,121320.35495952236
2025-10-30,461008.0,549716.8260971407,8,7,0.0,88708.82609714063,88708.82609714063,-32611.528862381732,88708.82609714063
2025-10-31,461008.0,548412.9397093352,8,7,0.0,87404.93970933532,87404.93970933532,-1303.886387805309,87404.93970933532
2025-11-03,461008.0,542250.0142789886,8,7,0.0,81242.01427898859,81242.01427898859,-6162.925430346731,81242.01427898859
2025-11-04,461008.0,535953.3827491159,8,7,0.0,74945.382749116,74945.382749116,-6296.631529872582,74945.382749116
2025-11-05,461008.0,530654.007353962,8,7,0.0,69646.00735396204,69646.00735396204,-5299.375395153969,69646.00735396204
2025-11-06,461008.0,522624.8320022715,8,7,0.0,61616.83200227151,61616.83200227151,-8029.175351690523,61616.83200227151
2025-11-07,461008.0,530595.7583201119,8,7,0.0,69587.75832011196,69587.75832011196,7970.9263178404435,69587.75832011196
2025-11-10,461008.0,545294.385786486,8,7,0.0,84286.38578648599,84286.38578648599,14698.627466374033,84286.38578648599
2025-11-11,461008.0,542763.0774350134,8,7,0.0,81755.07743501334,81755.07743501334,-2531.308351472646,81755.07743501334
2025-11-12,461008.0,530278.7647578784,8,7,0.0,69270.76475787835,69270.76475787835,-12484.312677134993,69270.76475787835
2025-11-13,461008.0,543474.0954337483,8,7,0.0,82466.09543374839,82466.09543374839,13195.330675870035,82466.09543374839
2025-11-14,461008.0,533832.7198712899,8,7,0.0,72824.7198712898,72824.7198712898,-9641.37556245859,72824.7198712898
2025-11-17,461008.0,541992.6994342065,8,7,0.0,80984.69943420649,80984.69943420649,8159.979562916691,80984.69943420649
2025-11-18,461008.0,552481.4851631586,8,7,0.0,91473.48516315866,91473.48516315866,10488.785728952178,91473.48516315866
2025-11-19,461008.0,566559.3059732587,8,7,0.0,105551.3059732587,105551.3059732587,14077.820810100035,105551.3059732587
2025-11-20,461008.0,538246.8126071449,8,7,0.0,77238.8126071449,77238.8126071449,-28312.493366113806,77238.8126071449
2025-11-21,461008.0,538361.0193432169,8,7,0.0,77353.01934321696,77353.01934321696,114.20673607206845,77353.01934321696
2025-11-24,461008.0,540855.7156038003,8,7,0.0,79847.71560380023,79847.71560380023,2494.696260583267,79847.71560380023
2025-11-25,461008.0,562567.0471759662,8,7,0.0,101559.0471759662,101559.0471759662,21711.331572165975,101559.0471759662
2025-11-26,461008.0,556060.4550311381,8,7,0.0,95052.45503113825,95052.45503113825,-6506.592144827955,95052.45503113825
2025-11-28,461008.0,557030.302620163,8,7,0.0,96022.30262016287,96022.30262016287,969.8475890246191,96022.30262016287
2025-12-01,461008.0,553016.6715649674,8,7,0.0,92008.67156496728,92008.67156496728,-4013.631055195583,92008.67156496728
2025-12-02,461008.0,554899.4186751209,8,7,0.0,93891.41867512089,93891.41867512089,1882.7471101536066,93891.41867512089
2025-12-03,511009.0,608621.5168322946,9,8,0.0,97612.51683229458,97612.51683229458,3721.098157173692,97612.51683229458
2025-12-04,511009.0,618504.2105628402,9,8,0.0,107495.21056284024,107495.21056284024,9882.693730545652,107495.21056284024
2025-12-05,511009.0,631469.1781637421,9,8,0.0,120460.17816374206,120460.17816374206,12964.96760090183,120460.17816374206
2025-12-08,511009.0,633913.4601609313,9,8,0.0,122904.46016093135,122904.46016093135,2444.2819971892895,122904.46016093135
2025-12-09,511009.0,610334.5599210984,9,8,0.0,99325.5599210983,99325.5599210983,-23578.90023983305,99325.5599210983
2025-12-10,511009.0,609195.8004718102,9,8,0.0,98186.80047181022,98186.80047181022,-1138.759449288089,98186.80047181022
2025-12-11,511009.0,616006.7339427094,9,8,0.0,104997.7339427094,104997.7339427094,6810.933470899181,104997.7339427094
2025-12-12,511009.0,633200.8330910469,9,8,0.0,122191.83309104685,122191.83309104685,17194.099148337453,122191.83309104685
2025-12-15,511009.0,626328.1545223393,9,8,0.0,115319.15452233927,115319.15452233927,-6872.678568707575,115319.15452233927
2025-12-16,511009.0,619743.5790767032,9,8,0.0,108734.57907670307,108734.57907670307,-6584.575445636205,108734.57907670307
2025-12-17,511009.0,624130.3470575942,9,8,0.0,113121.34705759425,113121.34705759425,4386.767980891178,113121.34705759425
2025-12-18,511009.0,634565.4187575092,9,8,0.0,123556.4187575093,123556.4187575093,10435.071699915046,123556.4187575093
2025-12-19,511009.0,618150.4119267429,9,8,0.0,107141.41192674292,107141.41192674292,-16415.006830766375,107141.41192674292
2025-12-22,511009.0,613902.7257020005,9,8,0.0,102893.72570200053,102893.72570200053,-4247.686224742385,102893.72570200053
2025-12-23,511009.0,617675.8910188472,9,8,0.0,106666.89101884727,106666.89101884727,3773.165316846731,106666.89101884727
2025-12-24,511009.0,621976.1746011758,9,8,0.0,110967.17460117584,110967.17460117584,4300.283582328571,110967.17460117584
2025-12-26,511009.0,628509.3021938322,9,8,0.0,117500.30219383222,117500.30219383222,6533.127592656383,117500.30219383222
2025-12-29,511009.0,634467.3777356888,9,8,0.0,123458.37773568883,123458.37773568883,5958.075541856611,123458.37773568883
2025-12-30,511009.0,621114.7819117332,9,8,0.0,110105.78191173321,110105.78191173321,-13352.59582395562,110105.78191173321
2025-12-31,511009.0,632023.5794646059,9,8,0.0,121014.57946460588,121014.57946460588,10908.797552872667,121014.57946460588
2026-01-02,679016.0,796823.4680445001,16,14,0.0,117807.46804450008,117807.46804450008,-3207.1114201057935,117807.46804450008
2026-01-05,679016.0,803754.867355309,16,14,0.0,124738.86735530883,124738.86735530883,6931.399310808745,124738.86735530883
2026-01-06,11477087.0,11590978.080385687,88,69,0.0,113891.08038568674,113891.08038568674,-10847.786969622088,113891.08038568674
2026-01-07,11838101.0,11862060.762617901,102,77,0.0,23959.762617902084,23959.762617902084,-89931.31776778465,23959.762617902084
2026-01-08,12153104.0,12269964.431702927,105,79,0.0,116860.43170292233,116860.43170292233,92900.66908502024,116860.43170292233
2026-01-09,12653105.0,12902868.356510129,106,79,0.0,249763.35651012667,249763.35651012667,132902.92480720434,249763.35651012667
2026-01-12,17459165.0,17747352.602073304,167,112,161.35783814782343,288187.60207330965,288348.9599114575,38585.60340133082,288348.9599114575
2026-01-13,17560167.0,17804549.20423636,169,113,161.35783814782343,244382.2042363427,244543.5620744905,-43805.39783696699,244543.5620744905
2026-01-14,17560167.0,17856834.194360625,169,113,161.35783814782343,296667.19436062523,296828.5521987731,52284.99012428257,296828.5521987731
2026-01-15,17410167.0,17742028.660830036,169,113,-18742.704682409225,331861.6608300237,313118.95614761446,16290.403948841384,313118.95614761446
2026-01-16,17824170.0,18176576.053010456,172,114,-18822.70521970287,352406.05301045615,333583.3477907533,20464.391643138835,333583.3477907533
2026-01-20,17824170.0,17876523.577297572,172,114,-18822.70521970287,52353.57729757427,33530.872077871405,-300052.4757128819,33530.872077871405
2026-01-21,18028240.0,18438695.839609303,244,164,-138350.42205031222,410455.8396093103,272105.4175589981,238574.5454811267,272105.4175589981
2026-01-22,18118246.0,18585786.07464463,250,166,-138350.42205031222,467540.07464463037,329189.65259431815,57084.235035320045,329189.65259431815
2026-01-23,20168323.0,20641873.114154905,327,199,-127974.3365939522,473550.1141549144,345575.7775609622,16386.12496664404,345575.7775609622
2026-01-26,20520352.0,21065485.78424114,356,221,-130494.82190151986,545133.7842411451,414638.9623396253,69063.1847786631,414638.9623396253
2026-01-27,20521353.0,20975640.89535964,357,221,-130494.82190151986,454287.89535964,323793.07345812017,-90845.88888150512,323793.07345812017
2026-01-28,20668360.0,21163625.64215743,364,226,-130494.82190151986,495265.6421574421,364770.82025592227,40977.7467978021,364770.82025592227
2026-01-29,20668360.0,21216149.998036105,364,226,-130494.82190151986,547789.9980361235,417295.1761346036,52524.35587868135,417295.1761346036
2026-01-30,20888370.0,21396944.967818554,374,235,-130494.82190151986,508574.96781856345,378080.1459170436,-39215.03021756001,378080.1459170436
2026-02-02,21148376.0,21738403.276731733,380,237,-130494.82190151986,590027.276731736,459532.4548302162,81452.30891317257,459532.4548302162
2026-02-03,21814384.0,22274969.670758918,388,236,-130792.27949955997,460585.67075893306,329793.3912593731,-129739.06357084308,329793.3912593731
2026-02-04,21814384.0,22382433.564746473,388,236,-130792.27949955997,568049.564746489,437257.2852469291,107463.89398755599,437257.2852469291
2026-02-05,21944387.0,22388690.933195323,391,237,-130792.27949955997,444303.9331953344,313511.65369577444,-123745.63155115466,313511.65369577444
2026-02-06,22212395.0,22912315.552347958,399,237,-129686.22411069785,699920.5523479715,570234.3282372736,256722.67454149917,570234.3282372736
2026-02-09,22212395.0,22932642.86470302,399,237,-129686.22411069785,720247.864703001,590561.6405923031,20327.312355029513,590561.6405923031
2026-02-10,50020436.0,50940890.30397195,440,250,-196707.84169735716,920454.3039719865,723746.4622746294,133184.82168232626,723746.4622746294
2026-02-11,49973438.0,50798246.759869106,442,251,-205497.23042212034,824808.7598691253,619311.529447005,-104434.93282762438,619311.529447005
2026-02-12,49293490.0,50011467.49326546,493,268,-668981.7990758427,717977.4932654862,48995.69418964349,-570315.8352573615,48995.69418964349
2026-02-13,49293490.0,50552935.99179927,493,268,-703658.3973351038,1259445.991799334,555787.5944642302,506791.90027458675,555787.5944642302
2026-02-17,49293490.0,50435336.555653654,493,268,-703658.3973351038,1141846.5556535912,438188.15831848735,-117599.43614574289,438188.15831848735
2026-02-18,49293490.0,50595035.054436065,493,268,-703658.3973351038,1301545.054436092,597886.6571009882,159698.49878250086,597886.6571009882
2026-02-19,49136509.0,50368537.24194465,512,274,-727533.1555637391,1232028.2419446583,504495.0863809192,-93391.570720069,504495.0863809192
2026-02-20,49136509.0,50562990.94103499,512,274,-727533.1555637391,1426481.9410349445,698948.7854712054,194453.69909028616,698948.7854712054
2026-02-23,49273546.0,49985107.26891696,549,281,-745167.1327483567,711561.2689170019,-33605.86383135477,-732554.6493025601,-33605.86383135477
2026-02-24,49473548.0,50634055.338975266,551,282,-745167.1327483567,1160507.3389753252,415340.20622696856,448946.0700583233,415340.20622696856
2026-02-25,49473548.0,51072089.51937655,551,282,-745167.1327483567,1598541.5193765787,853374.3866282221,438034.1804012535,853374.3866282221
2026-02-26,49788562.0,51510781.69163678,565,288,-749630.4188024651,1722219.6916367305,972589.2728342654,119214.8862060433,972589.2728342654
2026-02-27,49788562.0,51635261.411278956,565,288,-749630.4188024651,1846699.4112789002,1097068.9924764351,124479.71964216977,1097068.9924764351
2026-03-02,57198698.0,59165142.86940646,702,346,-739053.2309988353,1966444.8694064787,1227391.6384076434,130322.64593120827,1227391.6384076434
2026-03-03,57198698.0,58707967.75219902,702,346,-739053.2309988353,1509269.7521990659,770216.5212002306,-457175.11720741284,770216.5212002306
2026-03-04,59913810.0,61835925.31520164,814,422,-739093.626595217,1922115.3152016574,1183021.6886064403,412805.16740620974,1183021.6886064403
2026-03-05,60413811.0,61930489.365417965,815,423,-739093.626595217,1516678.3654179848,777584.7388227677,-405436.9497836726,777584.7388227677
2026-03-06,60043813.0,60979924.72554038,817,422,-766844.9787839347,936111.7255403826,169266.74675644783,-608317.9920663199,169266.74675644783
2026-03-09,60043813.0,61180901.21443309,817,422,-766844.9787839347,1137088.2144330663,370243.2356491316,200976.48889268376,370243.2356491316
2026-03-10,61343819.0,61957868.74595178,823,426,-766844.9787839347,614049.7459518015,-152795.2328321332,-523038.4684812648,-152795.2328321332
2026-03-11,68977928.0,69364882.57020313,933,442,-772204.0175041278,386954.5702030804,-385249.4473010474,-232454.2144689142,-385249.4473010474
2026-03-12,70807989.0,70022828.563414,995,447,-772204.0175041278,-785160.4365859508,-1557364.4540900786,-1172115.0067890312,-1557364.4540900786
2026-03-13,70952993.0,70012094.50503737,999,450,-772204.0175041278,-940898.494962713,-1713102.512466841,-155738.05837676232,-1713102.512466841
2026-03-16,71166002.0,70963176.93078353,1008,451,-772204.0175041278,-202825.06921631066,-975029.0867204384,738073.4257464025,-975029.0867204384
2026-03-17,76902105.0,77349581.47457206,1112,469,-1183386.741382798,447476.4745720475,-735910.2668107505,239118.81990968797,-735910.2668107505
2026-03-18,77856129.0,77042649.43674523,1137,473,-1116110.8533406504,-813479.563254741,-1929590.4165953915,-1193680.1497846409,-1929590.4165953915
2026-03-19,77856129.0,77084114.14995624,1137,472,-1154968.5562517163,-772014.8500436808,-1926983.406295397,2607.0102999943774,-1926983.406295397
2026-03-20,77856129.0,75968074.19374853,1137,472,-1154968.5562517163,-1888054.8062513326,-3043023.362503049,-1116039.9562076519,-3043023.362503049
2026-03-23,79876259.0,78969619.39262938,1267,501,-1160033.2031897968,-906639.6073706549,-2066672.8105604518,976350.5519425971,-2066672.8105604518
2026-03-24,79876259.0,78447495.42865062,1267,501,-1160033.2031897968,-1428763.5713494625,-2588796.7745392593,-522123.96397880744,-2588796.7745392593
2026-03-25,81216292.0,80134590.44808713,1301,506,-1160033.2031897968,-1081701.5519126952,-2241734.755102492,347062.0194367673,-2241734.755102492
2026-03-26,79918317.0,77807447.88934827,1325,507,-1384415.9149612328,-2110869.1106516724,-3495285.025612905,-1253550.2705104132,-3495285.025612905
2026-03-27,80283320.0,76765965.531605,1328,507,-1384415.9149612328,-3517354.4683950935,-4901770.383356326,-1406485.357743421,-4901770.383356326
2026-03-30,81433354.0,77739272.38631463,1363,519,-1419378.9789117742,-3694081.6136854207,-5113460.592597195,-211690.2092408687,-5113460.592597195
2026-03-31,82119383.0,80380963.78027874,1392,526,-1419378.9789117742,-1738419.2197212055,-3157798.1986329798,1955662.3939642152,-3157798.1986329798
2026-04-01,82119383.0,80725516.89590676,1392,526,-1419378.9789117742,-1393866.1040931134,-2813245.0830048877,344553.1156280921,-2813245.0830048877
2026-04-02,82119383.0,81075000.366027,1392,526,-1419378.9789117742,-1044382.6339730528,-2463761.612884827,349483.4701200607,-2463761.612884827
2026-04-06,82119383.0,81549123.17912485,1392,526,-1419378.9789117742,-570259.8208752403,-1989638.7997870145,474122.81309781247,-1989638.7997870145
2026-04-07,82119383.0,81650580.85616781,1392,526,-1419378.9789117742,-468802.14383222046,-1888181.1227439947,101457.6770430198,-1888181.1227439947
2026-04-08,82119383.0,83481189.86582479,1392,526,-1419378.9789117742,1361806.8658248566,-57572.11308691767,1830609.009657077,-57572.11308691767
2026-04-09,82119383.0,83456300.54568793,1392,526,-1419378.9789117742,1336917.5456878995,-82461.43322387477,-24889.320136957103,-82461.43322387477
2026-04-10,82119383.0,82943487.28246462,1392,526,-1419378.9789117742,824104.2824646733,-595274.696447101,-512813.2632232262,-595274.696447101
2026-04-13,82119383.0,84585029.53608818,1392,526,-1419378.9789117742,2465646.5360881044,1046267.5571763301,1641542.253623431,1046267.5571763301
2026-04-14,82119383.0,85182059.80156368,1392,526,-1419378.9789117742,3062676.801563778,1643297.8226520037,597030.2654756736,1643297.8226520037
2026-04-15,82119383.0,85857892.29231195,1392,526,-1419378.9789117742,3738509.29231202,2319130.3134002457,675832.490748242,2319130.3134002457
2026-04-16,82119383.0,86603679.73684838,1392,526,-1419378.9789117742,4484296.736848335,3064917.7579365605,745787.4445363148,3064917.7579365605
2026-04-17,82119383.0,87631995.0193769,1392,526,-1419378.9789117742,5512612.019376913,4093233.040465139,1028315.2825285783,4093233.040465139
2026-04-20,82119383.0,88008555.34296751,1392,526,-1419378.9789117742,5889172.342967487,4469793.364055713,376560.32359057385,4469793.364055713
2026-04-21,82119383.0,87784947.18337816,1392,526,-1419378.9789117742,5665564.183378239,4246185.204466465,-223608.15958924778,4246185.204466465
2026-04-22,82119383.0,88623482.22001128,1392,526,-1419378.9789117742,6504099.220011214,5084720.24109944,838535.0366329746,5084720.24109944
2026-04-23,82119383.0,88341957.8876288,1392,526,-1419378.9789117742,6222574.887628818,4803195.908717044,-281524.33238239586,4803195.908717044
2026-04-24,82119383.0,88607128.92614143,1392,526,-1419378.9789117742,6487745.926141383,5068366.947229609,265171.0385125652,5068366.947229609
2026-04-27,82119383.0,88192230.6719586,1392,526,-1419378.9789117742,6072847.671958612,4653468.693046838,-414898.25418277085,4653468.693046838
2026-04-28,82119383.0,87526731.89971344,1392,526,-1419378.9789117742,5407348.899713518,3987969.920801744,-665498.7722450942,3987969.920801744
2026-04-29,82119383.0,87647153.96683915,1392,526,-1419378.9789117742,5527770.9668391775,4108391.9879274033,120422.06712565944,4108391.9879274033
2026-04-30,82119383.0,88645040.73560111,1392,526,-1419378.9789117742,6525657.735601191,5106278.756689417,997886.7687620139,5106278.756689417
2026-05-01,82119383.0,89083695.87206051,1392,526,-1419378.9789117742,6964312.87206058,5544933.893148806,438655.13645938877,5544933.893148806
2026-05-04,82119383.0,88932987.10532553,1392,526,-1419378.9789117742,6813604.105325581,5394225.126413806,-150708.7667349996,5394225.126413806
2026-05-05,82119383.0,89543377.66939886,1392,526,-1419378.9789117742,7423994.669398872,6004615.690487098,610390.5640732916,6004615.690487098
2026-05-06,82119383.0,90969019.0195723,1392,526,-1419378.9789117742,8849636.019572398,7430257.040660623,1425641.3501735255,7430257.040660623
2026-05-07,82119383.0,91036337.3469604,1392,526,-1419378.9789117742,8916954.346960286,7497575.368048511,67318.32738788798,7497575.368048511
2026-05-08,82119383.0,91433784.40235576,1392,526,-1419378.9789117742,9314401.402355796,7895022.4234440215,397447.05539551005,7895022.4234440215
2026-05-11,82119383.0,91214956.51707028,1392,526,-1419378.9789117742,9095573.517070137,7676194.538158363,-218827.88528565876,7676194.538158363
2026-05-12,82119383.0,90692330.57574482,1392,526,-1419378.9789117742,8572947.575744769,7153568.596832994,-522625.94132536836,7153568.596832994
2026-05-13,82119383.0,90883605.1930501,1392,526,-1419378.9789117742,8764222.193049949,7344843.214138174,191274.61730518006,7344843.214138174
2026-05-14,82119383.0,91526551.72076187,1392,526,-1419378.9789117742,9407168.720761945,7987789.741850171,642946.5277119968,7987789.741850171
2026-05-15,82119383.0,90725628.76041341,1392,526,-1419378.9789117742,8606245.760413142,7186866.781501368,-800922.9603488036,7186866.781501368
2026-05-18,82119383.0,91123057.0666546,1392,526,-1419378.9789117742,9003674.066654518,7584295.087742744,397428.3062413763,7584295.087742744
2026-05-19,82119383.0,90336111.85884288,1392,526,-1419378.9789117742,8216728.858842976,6797349.879931202,-786945.2078115419,6797349.879931202
2026-05-20,82119383.0,91494384.8067852,1392,526,-1419378.9789117742,9375001.806785405,7955622.82787363,1158272.9479424283,7955622.82787363
2026-05-21,82119383.0,91632074.92679118,1392,526,-1419378.9789117742,9512691.926791172,8093312.947879398,137690.1200057678,8093312.947879398
2026-05-22,82119383.0,92885714.75640145,1392,526,-1419378.9789117742,10766331.756401356,9346952.777489582,1253639.8296101838,9346952.777489582
2026-05-26,82119383.0,93513546.17727661,1392,526,-1419378.9789117742,11394163.177276747,9974784.198364973,627831.420875391,9974784.198364973
2026-05-27,82119383.0,93079472.47687225,1392,526,-1419378.9789117742,10960089.476872278,9540710.497960504,-434073.7004044689,9540710.497960504
2026-05-28,82119383.0,93670248.08989808,1392,526,-1419378.9789117742,11550865.089898214,10131486.11098644,590775.6130259354,10131486.11098644
2026-05-29,82119383.0,95125574.3527014,1392,526,-1419378.9789117742,13006191.352701448,11586812.373789674,1455326.2628032342,11586812.373789674
