ticker,status,entry_date,exit_date,holding_days,entry_price,exit_price,notional,return_pct,pnl,buy_trade_id,sell_trade_id
META,realized,2025-02-26,2026-01-15,323,671.0078125,620.2689208984375,250001.0,-0.07561594761843775,-18904.062520557054,3b948200d359,3c93ab44c434
META,realized,2026-01-12,2026-01-21,9,641.4207763671875,612.4356689453125,1001.0,-0.04518891262930061,-45.23410154192991,6851b0289882,b14990403c13
META,realized,2026-01-12,2026-02-01,20,641.4207763671875,705.8056640625,1001.0,0.10037855034875695,100.47892889910571,a08089d2b879,810906c4b361
META,realized,2026-01-21,2026-03-18,56,612.4356689453125,615.6799926757812,250001.0,0.00529741145883267,1324.3581621196263,62ca5001581c,c20502d686c7
BSX,realized,2026-01-12,2026-01-16,4,95.72000122070312,88.06999969482422,1001.0,-0.07992061667696991,-80.00053729364689,2408748418b9,a21352e4b8b0
BSX,realized,2026-01-12,2026-02-23,42,95.72000122070312,74.37000274658203,1001.0,-0.2230463665048861,-223.26941287139098,bb2599b1c770,c111f32b085f
PGR,realized,2026-01-12,2026-02-10,29,216.38803100585938,202.49522399902344,50001.0,-0.06420321374641903,-3210.2248905346983,06ca574109f1,77ba58ff7855
PGR,realized,2026-01-12,2026-03-21,68,216.38803100585938,204.99392700195312,1001.0,-0.05265588836379642,-52.708544252160216,2ed6ba26d677,8f8be5f2af85
PRGO,realized,2026-01-26,2026-03-30,63,13.727087020874023,9.473601341247559,1001.0,-0.30986076457142175,-310.1706253359932,b998eb48d94e,720fd38ca442
APOG,realized,2026-02-12,2026-02-26,14,41.10603713989258,39.6273307800293,1001.0,-0.03597297289522046,-36.00894586811568,457f5216ee8b,2851f119ce97
ROP,realized,2026-01-12,2026-02-12,31,431.2905578613281,319.00677490234375,100001.0,-0.26034370776808596,-26034.631120516366,94755ea15efe,052829297eb0
ROP,realized,2026-01-21,2026-02-19,29,403.6310729980469,331.15582275390625,1001.0,-0.17955815370163863,-179.73771185534028,9417738d9e3f,e370e30b2ada
AMCR,realized,2026-01-23,2026-03-17,53,42.99028778076172,40.0429573059082,1001.0,-0.06855805408617094,-68.62661214025711,26b62ef17867,346b240088b8
WSFS,realized,2026-03-04,2026-03-30,26,65.01903533935547,64.25117492675781,1001.0,-0.011809778606987066,-11.821588385594053,f7f3064c2327,f9ab8acafdb0
CPRT,realized,2026-01-23,2026-03-17,53,41.400001525878906,34.04999923706055,1001.0,-0.17753628062607474,-177.7138169067008,3b85746f8fa3,c888d65d1d22
ISRG,realized,2026-01-06,2026-02-12,37,592.8499755859375,478.6000061035156,1001.0,-0.1927131216788936,-192.90583480057248,3c0ba259945e,a7eef46be853
ISRG,realized,2026-03-02,2026-03-17,15,496.25,482.760009765625,1001.0,-0.02718385941435768,-27.211043273772038,f72513067867,366ffb043a22
UNP,realized,2026-01-12,2026-01-12,0,227.1268768310547,227.1268768310547,1001.0,0.0,0.0,cb06dac54fa0,46327ad77e6c
TOST,realized,2026-01-12,2026-02-12,31,36.20000076293945,26.139999389648438,1001.0,-0.2779005845654612,-278.17848515002663,51a9b47dbd18,7fbd9174e389
CRM,realized,2026-01-21,2026-01-21,0,221.0272216796875,221.0272216796875,1001.0,0.0,0.0,bec452a96d60,4bea1cbc6d2e
CRM,realized,2026-01-23,2026-02-01,9,227.4810791015625,210.28407287597656,1001.0,-0.07559752351055124,-75.6731210340618,61e5d821bec7,ec21e653afb6
CRM,realized,2026-01-26,2026-03-23,56,228.82769775390625,194.6930694580078,1001.0,-0.14917175075811265,-149.32092250887075,43f7338e1f26,8e9e3728ffdb
AVGO,realized,2025-03-18,2026-03-02,349,186.58895874023438,318.1526184082031,15001.0,0.7050988469855239,10577.187803629844,653bdb592e84,89e2651b3dbf
AVGO,realized,2026-01-06,2026-03-17,70,343.0503845214844,320.63739013671875,50001.0,-0.06533440974284044,-3266.785821551765,3a80b18fc961,7945709ce6fd
PODD,realized,2026-01-06,2026-02-10,35,294.3500061035156,252.41000366210938,100001.0,-0.1424834434236668,-14248.486825810105,3f6060299b5c,5b02708fa210
VSNT,realized,2026-01-26,2026-02-19,24,32.75481033325195,29.735706329345703,1001.0,-0.09217284341412665,-92.26501625754078,23ac2cd9cb3d,f287f549c26e
VSNT,realized,2026-02-06,2026-03-30,52,29.16158103942871,35.229488372802734,1001.0,0.2080788186748086,208.2868974934834,5e96ec594f6a,c792c674182b
DASH,realized,2026-01-12,2026-01-17,5,214.8699951171875,205.6699981689453,1001.0,-0.0428165735435728,-42.85939011711638,ede4a8d8c1f3,4611a6329980
DASH,realized,2026-01-16,2026-01-21,5,205.32000732421875,206.47999572753906,50001.0,0.005649660831584652,282.48869124006416,203592d5e057,9a42b78107d2
DASH,realized,2026-02-12,2026-03-21,37,161.13999938964844,159.97999572753906,1001.0,-0.007198731950497284,-7.205930682447781,df44cc51c4ee,60889a36da0a
MATX,realized,2026-01-26,2026-02-21,26,158.2083740234375,164.05792236328125,1001.0,0.03697369608878718,37.010669784875965,2c50080d9f9b,58836a917db6
MATX,realized,2026-02-06,2026-03-30,52,162.62074279785156,157.05166625976562,15001.0,-0.03424579449258002,-513.7211631831929,c83053d2f964,2dc4b58d35f6
PAYX,realized,2026-01-21,2026-02-12,22,104.73967742919922,91.29574584960938,1001.0,-0.12835567102712844,-128.48402669815556,7bb4c2338932,d4d0a485963a
PAYX,realized,2026-01-22,2026-03-11,48,104.73967742919922,92.80631256103516,1001.0,-0.1139335652072315,-114.04749877243873,13dafda3391c,4cc43cd16608
GIS,realized,2026-01-23,2026-03-11,47,43.82036590576172,39.98509979248047,1001.0,-0.08752245751505626,-87.60997997257131,98160aeaf6f8,a04eb03c317b
GIS,realized,2026-01-23,2026-03-17,53,43.82036590576172,38.09696960449219,1001.0,-0.13061041784950023,-130.74102826734972,d780ae51d856,0cf22264c848
GIS,realized,2026-02-23,2026-03-17,22,44.62675476074219,38.09696960449219,1001.0,-0.14631996413940906,-146.46628410354847,b81572bcf3cf,81a09fce681b
AWI,realized,2026-03-04,2026-03-30,26,169.22561645507812,159.39524841308594,1001.0,-0.058090307176406196,-58.1483974835826,d36e29e636ee,dbea4a299055
DIS,realized,2026-01-21,2026-02-12,22,113.19000244140625,102.37999725341797,100001.0,-0.0955031800938795,-9550.413512568044,5cf7b36c0d9a,772f987bec6a
BKNG,realized,2026-01-23,2026-01-23,0,203.47581481933594,203.47581481933594,1001.0,0.0,0.0,cab8fce28c1f,2751ca23833c
PANW,realized,2026-01-23,2026-02-10,18,180.17999267578125,165.50999450683594,15001.0,-0.0814185745658384,-1221.3600370621418,4b68919ee426,652ff0cbc0ac
PANW,realized,2026-02-19,2026-03-18,27,150.99000549316406,168.91000366210938,1001.0,0.11868334006886717,118.80202340893604,f6be06cb8972,1d0c263e27da
SPGI,realized,2026-01-21,2026-02-10,20,528.6974487304688,399.2205505371094,15001.0,-0.24489790617349283,-3673.713490508566,0eb2b36aee76,fe2c568eb156
SPGI,realized,2026-02-12,2026-02-12,0,395.3585510253906,395.3585510253906,1001.0,0.0,0.0,acd686b12b67,2e10c9f2e260
MSFT,realized,2025-02-23,2026-01-12,323,400.0641784667969,475.06439208984375,1001.0,0.18747045514166544,187.6579255968071,68209b4e2646,b0b255ef4497
MSFT,realized,2026-01-06,2026-01-12,6,476.3885192871094,475.06439208984375,100001.0,-0.0027795111419710796,-277.95389370824995,23647be40b13,8175ae550219
MSFT,realized,2026-01-21,2026-02-10,20,442.1409912109375,411.437744140625,15001.0,-0.06944220888957237,-1041.702575552475,99a4d5da2e37,95d00d0ecafa
MSFT,realized,2026-01-23,2026-02-13,21,463.8841857910156,399.5407409667969,250001.0,-0.13870583821369178,-34676.59825926116,42a59fac1f04,c74d2324dbc1
C,realized,2026-01-17,2026-03-17,59,111.68677520751953,107.20288848876953,1001.0,-0.04014697989460898,-40.18712687450359,4da27b9a78dc,98c9ad8eaf72
BRK-B,realized,2026-01-07,2026-01-21,14,496.1199951171875,483.8299865722656,1001.0,-0.024772249991695812,-24.797022241687507,2f8e5bf2e2b7,80a9c690ce03
BRK-B,realized,2026-01-17,2026-03-18,60,485.3900146484375,484.4700012207031,1001.0,-0.0018954107006109928,-1.8973061113116036,f663360dcc16,25ffca99e1ee
BRK-B,realized,2026-01-23,2026-03-26,62,478.9700012207031,475.2699890136719,1001.0,-0.007724935168385071,-7.732660103553457,bb93cd5fb41b,a42882f41416
OMC,realized,2026-01-07,2026-02-10,34,76.81359100341797,72.33824157714844,1001.0,-0.05826246850079424,-58.320730969295035,645d4331f918,f1ef72540b9e
OMC,realized,2026-01-12,2026-03-26,73,77.38786315917969,75.30999755859375,1001.0,-0.02685001905676036,-26.87686907581712,f289cd1795f0,627077451eb2
AVA,realized,2026-03-04,2026-03-30,26,39.857173919677734,39.975738525390625,1001.0,0.0029747368930829925,2.9777116299760755,46a45341cec3,3d2037a223b3
SWKS,realized,2026-01-01,2026-03-17,75,63.086952209472656,53.247318267822266,100001.0,-0.15596939774454577,-15597.095743852322,c2a0a271df2b,1b22c08adfb0
SWKS,realized,2026-01-21,2026-03-18,56,57.356224060058594,53.11844253540039,1001.0,-0.0738852948238147,-73.95918011863851,364325e0ff8c,3db36d35fcb6
ACN,realized,2026-01-11,2026-02-12,32,278.5973815917969,220.1827850341797,1001.0,-0.20967388933757722,-209.8835632269148,6feb1a39211b,df163f5f1e46
ACN,realized,2026-01-21,2026-02-12,22,278.3594055175781,220.1827850341797,50001.0,-0.20899822075429975,-10450.12003593574,92484015da09,f8c4c9404f58
ACN,realized,2026-01-21,2026-02-21,31,278.3594055175781,199.48826599121094,1001.0,-0.2833428221321106,-283.6261649542427,0e2610c0a0ab,c40a2a5a0696
ACN,realized,2026-02-10,2026-03-17,35,238.83460998535156,196.98947143554688,500001.0,-0.17520550540129495,-87602.92790615288,baaf61dea603,ab1d1435259a
BX,realized,2026-02-12,2026-02-12,0,128.57861328125,128.57861328125,1001.0,0.0,0.0,c2800687cc6d,f5c5f06b4845
BX,realized,2026-03-02,2026-03-14,12,114.27117156982422,106.13655090332031,1001.0,-0.07118698928831171,-71.25817627760003,a5574ab8cebe,52378f7ce451
V,realized,2026-01-07,2026-01-21,14,354.4129333496094,323.9390563964844,1001.0,-0.08598409957873675,-86.07008367831548,ae5525d7505c,8c0661c99630
V,realized,2026-01-12,2026-01-26,14,341.7851867675781,327.13580322265625,1001.0,-0.04286137642028295,-42.90423779670323,bfb86f00ab30,ddaebb2b3fb7
V,realized,2026-01-17,2026-02-06,20,324.4768371582031,330.21307373046875,1001.0,0.017678416192983427,17.69609460917641,065deb0f91c6,577951c401fe
AVB,realized,2026-01-06,2026-02-12,37,181.71563720703125,173.3290557861328,1001.0,-0.046152227457142196,-46.19837968459934,02ba8c55d6f1,5000783aaf9f
UBER,realized,2026-01-06,2026-02-12,37,85.54000091552734,71.22000122070312,1001.0,-0.16740705566470052,-167.5744627203652,82e1d9afb19a,aaac825bc99e
UBER,realized,2026-01-07,2026-02-12,36,86.19000244140625,71.22000122070312,1001.0,-0.17368605170744764,-173.85973775915508,f97371c1f0a8,7f8b5871574c
NSIT,realized,2026-03-04,2026-03-30,26,87.1500015258789,64.43000030517578,15001.0,-0.26069995207006963,-3910.7599810031147,ccb90e04c299,d2e7c56c73a5
NKE,realized,2026-03-11,2026-03-11,0,55.70000076293945,55.70000076293945,100001.0,0.0,0.0,a2d1566f6ebb,38d29a9480d5
BA,realized,2026-02-10,2026-03-17,35,242.58999633789062,210.82000732421875,500001.0,-0.13096166162359454,-65480.9617734589,b8e61011e963,6b296731a929
BA,realized,2026-02-10,2026-03-26,44,242.58999633789062,194.36000061035156,1001.0,-0.19881279712936753,-199.0116099264969,fc8fa896686c,faa9b47780a9
PTC,realized,2026-01-21,2026-03-26,64,161.32000732421875,144.00999450683594,1001.0,-0.10730233096626003,-107.40963329722629,4645289e45c7,d7f157026b92
FLUT,realized,2026-01-21,2026-03-17,55,181.07000732421875,109.25,1001.0,-0.39664220698693575,-397.0388491939227,825f5cb3e031,014829963468
FLUT,realized,2026-02-12,2026-03-26,42,141.3699951171875,103.56999969482422,1001.0,-0.2673834386924134,-267.65082213110577,f8f01ef2cc05,1c888e24fbec
GEN,realized,2026-01-12,2026-02-12,31,26.4859676361084,23.30013084411621,1001.0,-0.12028394943928447,-120.40423338872375,df8c83f9c00b,7108cbe45385
GEN,realized,2026-02-12,2026-03-26,42,23.30013084411621,18.868879318237305,1001.0,-0.19018140093397345,-190.37158233490743,83499ac04d75,92b351270aec
QCOM,realized,2026-02-10,2026-02-12,2,139.1962890625,137.58663940429688,100001.0,-0.011563883412727924,-1156.399905156205,ec81b54f8929,b5248250d167
QCOM,realized,2026-02-12,2026-02-19,7,137.58663940429688,140.3687744140625,1001.0,0.020220967833877758,20.241188801711637,8f3ab6fab83e,1a28a59b1869
OPLN,realized,2026-03-04,2026-03-30,26,28.700000762939453,27.68000030517578,1001.0,-0.0355400846915937,-35.575624776285295,1622569b1b49,203e4b22e000
MET,realized,2026-01-12,2026-02-12,31,77.17139434814453,76.77171325683594,1001.0,-0.005179135283023475,-5.184314418306498,b089d9fe173d,bf19e027eb7e
DDOG,realized,2026-01-11,2026-01-12,1,126.56999969482422,126.56999969482422,15001.0,0.0,0.0,14758c97b2af,43648ebbed13
DDOG,realized,2026-01-21,2026-03-18,56,123.45999908447266,131.25999450683594,1001.0,0.06317832075331899,63.24149907407231,aa838d727533,3aca95332700
DDOG,realized,2026-01-23,2026-03-23,59,130.1300048828125,129.22999572753906,1001.0,-0.00691623085762529,-6.923147088482915,1ed3d92e4e3d,7f0f6b551eb6
AAP,realized,2026-01-26,2026-03-30,63,47.32975769042969,50.93375015258789,1001.0,0.07614643805554383,76.22258449359937,097e17c82013,f202e55242ba
CDNS,realized,2026-01-21,2026-02-23,33,313.8399963378906,279.79998779296875,1001.0,-0.10846293953009503,-108.57140246962513,2c284be3e7fc,15bf53d78608
AZO,realized,2026-01-12,2026-01-18,6,3523.0,3573.97998046875,1001.0,0.014470616085367585,14.485086701452952,2d3b8012ab34,336b738852c4
TYL,realized,2026-01-01,2026-02-12,42,435.8299865722656,287.0400085449219,1001.0,-0.3413945405582428,-341.73593509880106,41a0d4c4e6c5,c62dcea9592f
TYL,realized,2026-01-06,2026-03-18,71,443.6600036621094,343.95001220703125,15001.0,-0.22474415235099052,-3371.387029417209,8cba4273d436,b645d5465baa
TEAM,realized,2026-01-02,2026-01-12,10,154.75999450683594,146.44000244140625,1001.0,-0.05376061230773812,-53.814372920045855,b5b7b7c4f731,362b208315cf
TEAM,realized,2026-01-12,2026-01-21,9,146.44000244140625,122.41000366210938,1001.0,-0.16409449862520856,-164.25859312383378,238ed26b6a94,bf5d977d751b
TEAM,realized,2026-01-26,2026-02-01,6,138.44000244140625,113.69999694824219,1001.0,-0.17870561295052775,-178.88431856347827,aac8e42e02e3,9acca5d612cb
TEAM,realized,2026-02-19,2026-03-18,27,80.26000213623047,73.47000122070312,1001.0,-0.08460005899329828,-84.68465905229158,8ab51a69ac8f,162687855fe8
FTNT,realized,2025-03-02,2026-01-06,310,106.54000091552734,78.44000244140625,50001.0,-0.26375068737234963,-13187.798119304854,b80dec81c433,e59b4a194c9c
FTNT,realized,2026-01-23,2026-03-11,47,81.63999938964844,83.4800033569336,15001.0,0.02253802034592445,338.0928432092127,448bfb64403c,379260db6828
FTNT,realized,2026-02-19,2026-03-23,32,81.66999816894531,82.7699966430664,1001.0,0.013468819625116188,13.482288444741304,72d8ffe08723,f69da4e7bc10
TTD,realized,2026-01-02,2026-02-19,48,37.68000030517578,25.239999771118164,1001.0,-0.3301486314571192,-330.47878008857634,e2a7bee7d301,1206f01dbede
TTD,realized,2026-01-12,2026-03-26,73,36.900001525878906,21.739999771118164,1001.0,-0.4108401389666244,-411.25097910559106,502846b21711,cde9a84f9d59
MSTR,realized,2026-02-12,2026-02-12,0,123.0,123.0,1001.0,0.0,0.0,c559ea8f0652,ed029b6c3b08
MSTR,realized,2026-02-23,2026-03-18,23,123.70999908447266,140.55999755859375,1001.0,0.13620563090147178,136.34183653237326,536350a7fbf1,f214938c23e1
MRSH,realized,2026-02-12,2026-02-12,0,172.4427032470703,172.4427032470703,1001.0,0.0,0.0,cea60d2b5cc1,6cbcd872fc86
SNEX,realized,2026-03-04,2026-03-30,26,82.25333404541016,77.94999694824219,1001.0,-0.052318087128142385,-52.37040521527053,467ff90c49a9,e4bb4c822e3c
DXPE,realized,2026-03-04,2026-03-30,26,143.05999755859375,135.74000549316406,1001.0,-0.05116728778379578,-51.21845507157957,e078bd28bd8d,7ea677eb3eeb
UNH,realized,2026-01-12,2026-02-12,31,337.8832092285156,282.17626953125,1001.0,-0.1648703995219548,-165.03526992147678,dbce37a53313,0aec2a6782a0
FISV,realized,2026-01-06,2026-02-10,35,68.76000213623047,62.59000015258789,50001.0,-0.08973242862061416,-4486.711163459328,1f4d9c20ee33,c1149c2b6814
CPS,realized,2026-01-06,2026-03-17,70,35.279998779296875,30.34000015258789,1001.0,-0.14002264165632258,-140.1626642979789,456f957526ea,c1dc93aa9dbe
CCI,realized,2026-01-21,2026-03-11,49,86.09391784667969,86.4791030883789,1001.0,0.00447401223376982,4.478486246003589,7b1214aed22f,618892f440a4
BRO,realized,2026-02-12,2026-02-23,11,69.32676696777344,68.95785522460938,1001.0,-0.005321346419277726,-5.326667765697003,88cdf1cec35e,e356c9dd02ad
AMT,realized,2026-01-12,2026-01-21,9,169.83309936523438,176.40740966796875,1001.0,0.03871041821238862,38.74912863060101,0d75b463bd2c,c840836ab47c
AMT,realized,2026-02-12,2026-03-21,37,186.32827758789062,174.75392150878906,1001.0,-0.062118086577824805,-62.18020466440263,5a0844b9af60,966b998df474
PLTR,realized,2026-01-06,2026-01-21,15,179.7100067138672,165.3300018310547,50001.0,-0.08001783064706144,-4000.971550183719,2eb04d8c8b31,22c8ecd82023
PLTR,realized,2026-01-07,2026-01-23,16,181.67999267578125,169.60000610351562,1001.0,-0.066490461576708,-66.5569520382847,06f7c1c846a7,e4d3b639aa2f
PLTR,realized,2026-01-17,2026-02-03,17,168.52999877929688,157.8800048828125,1001.0,-0.06319346094834646,-63.25665440929481,63d29ff9c63d,b08f02f225b8
AMZN,realized,2026-01-06,2026-02-10,35,240.92999267578125,206.9600067138672,100001.0,-0.14099525586101425,-14099.666581357285,45eb9c941d19,1e4c8dc52081
AMZN,realized,2026-01-09,2026-02-12,34,247.3800048828125,199.60000610351562,1001.0,-0.1931441419525032,-193.33728609445572,8215c2dd167b,8f2f1cd8e095
AMZN,realized,2026-01-19,2026-02-12,24,231.0,199.60000610351562,250001.0,-0.13593070950859037,-33982.813307857105,3525c5a22b09,a37842b5c05a
AMZN,realized,2026-01-23,2026-02-23,31,239.16000366210938,205.27000427246094,1001.0,-0.14170429365576107,-141.8459979494168,86477b704555,ed7693e6d8dd
SNPS,realized,2026-01-06,2026-02-19,44,508.7699890136719,442.44000244140625,1001.0,-0.13037322956264855,-130.50360279221118,c1f4902ae406,bd7a75330d08
SNPS,realized,2026-02-10,2026-03-18,36,437.45001220703125,428.6700134277344,15001.0,-0.02007086189116753,-301.08299922940415,6ffde55d103d,6d997137f7e9
CAG,realized,2026-02-11,2026-03-21,38,19.527589797973633,15.079747200012207,1001.0,-0.22777222606463066,-227.9999982906953,27128cfac7bc,52dd12712473
TSLA,realized,2025-03-18,2026-01-23,311,225.30999755859375,449.05999755859375,1001.0,0.9930762168767586,994.0692930936353,926c8f564ec6,df49720b1868
WDAY,realized,2026-01-21,2026-01-21,0,183.41000366210938,183.41000366210938,1001.0,0.0,0.0,6d0b313b5f4f,b387cf5cc8d5
WDAY,realized,2026-01-23,2026-03-17,53,189.25999450683594,135.1699981689453,1001.0,-0.28579730480726045,-286.0831021120677,eed74ab2422e,56076576a49d
ORCL,realized,2026-01-06,2026-01-21,15,192.56663513183594,173.2748260498047,1001.0,-0.10018251120617855,-100.28269371738473,9e067775bdf4,fd623b9ceea9
ORCL,realized,2026-01-08,2026-02-12,35,188.49166870117188,155.9353790283203,50001.0,-0.172720045916009,-8636.175015846366,d7799329fa4f,dded731846bc
DT,realized,2026-01-21,2026-02-12,22,39.400001525878906,36.560001373291016,1001.0,-0.07208121935534717,-72.15330057470251,3a25a3b2712f,f269e284230b
DT,realized,2026-01-21,2026-02-23,33,39.400001525878906,33.63999938964844,1001.0,-0.14619294195831833,-146.33913490027666,1a48729c7b07,80e3f4b4df45
CTSH,realized,2026-02-12,2026-03-18,34,65.0381088256836,59.867855072021484,1001.0,-0.07949575790279395,-79.57525366069675,c5720dfa10b3,eb48b99ed603
TDG,realized,2026-01-06,2026-03-21,74,1384.4000244140625,1152.969970703125,1001.0,-0.1671699289436871,-167.33709887263078,5698fb3aa44c,2e7442c04fa2
TMUS,realized,2026-01-12,2026-01-18,6,195.50405883789062,181.7848358154297,15001.0,-0.07017359692688906,-1052.6741275002628,3c5ea269f114,a18260ca4c76
TMUS,realized,2026-01-12,2026-01-21,9,195.50405883789062,181.7353515625,1001.0,-0.07042670805524019,-70.49713476329543,2dafe9768630,585672297dbc
INVH,realized,2026-01-06,2026-01-21,15,27.761310577392578,27.168542861938477,1001.0,-0.021352295807562555,-21.37364810337012,009a6633d7de,5ac756d0dd22
INVH,realized,2026-01-23,2026-03-17,53,26.862279891967773,25.093852996826172,1001.0,-0.06583309020134169,-65.89892329154303,98aed34a3386,f658a7a65925
BLMN,realized,2026-02-26,2026-03-23,25,6.179999828338623,5.590000152587891,15001.0,-0.09546920584775206,-1432.1335569221287,0c429814fffd,afaab4c41887
PINS,realized,2026-02-12,2026-03-18,34,18.540000915527344,18.770000457763672,15001.0,0.01240558418978838,186.09616843101549,b092e52dfd4c,9b8de7fe5595
AMSF,realized,2026-01-26,2026-02-26,31,36.815696716308594,33.211158752441406,15001.0,-0.09790763954958515,-1468.7125008833268,65fc8a97fe00,a90c5a6ed668
AMTM,realized,2026-03-04,2026-03-30,26,31.190000534057617,25.170000076293945,15001.0,-0.19301059168595366,-2895.3518858809907,d7bc7ca53df8,d0d0932dda06
WKC,realized,2026-03-04,2026-03-30,26,24.33980941772461,23.059999465942383,15001.0,-0.05258093561119875,-788.7666151035924,246b13dcde62,cfbc269eb543
MSI,realized,2026-01-11,2026-01-21,10,384.6237487792969,393.9092102050781,15001.0,0.024141674702228003,362.14926220812225,cd82fac52e31,f2f36b304c4f
BANF,realized,2026-03-04,2026-03-30,26,112.43716430664062,107.43000030517578,15001.0,-0.044532997895688806,-668.0395014332278,30704399b9d8,849642a63965
GWRE,realized,2026-01-12,2026-02-12,31,180.92999267578125,125.33999633789062,1001.0,-0.3072458884000814,-307.5531342884815,a7bc2a2beb21,8d38007644dd
GWRE,realized,2026-01-12,2026-02-12,31,180.92999267578125,125.33999633789062,1001.0,-0.3072458884000814,-307.5531342884815,ca0b73be9f64,eac4a6803a75
PAYC,realized,2026-02-12,2026-03-18,34,119.10957336425781,124.1512222290039,15001.0,0.0423278223768618,634.9596634753038,b1e10ad92229,31c67873844e
PAYC,realized,2026-02-12,2026-03-30,46,119.10957336425781,120.64080810546875,1001.0,0.01285568152047825,12.868537201998729,5394662e03b5,18d3ffd1ccfc
PCOR,realized,2026-01-23,2026-02-12,20,65.63999938964844,47.880001068115234,1001.0,-0.270566704550183,-270.8372712547332,c15d6d663906,f7308d599302
EVTC,realized,2026-02-12,2026-03-30,46,26.159032821655273,27.861858367919922,15001.0,0.06509512633261409,976.491990115544,2a84c8721d7b,bcf9db79b034
RNG,realized,2026-02-12,2026-03-30,46,28.34930992126465,36.220001220703125,15001.0,0.27763255336013376,4164.765932955366,bed5322ba459,d54fdd49d6a4
EXE,realized,2026-01-11,2026-03-17,65,101.66664123535156,105.7603759765625,15001.0,0.04026625342853819,604.0340676815015,370d545cc404,92ae711de047
ALKS,realized,2026-01-26,2026-01-26,0,33.11000061035156,33.11000061035156,15001.0,0.0,0.0,6beba4834a59,d7eded52f3ba
ALKS,realized,2026-01-26,2026-02-06,11,33.11000061035156,34.90999984741211,15001.0,0.054364216366030275,815.5176097068202,a282d667128e,7062934ce99c
JPM,realized,2026-01-07,2026-01-12,5,325.3250732421875,322.8377990722656,1001.0,-0.0076455040650070935,-7.6531495690721005,5b6836c85ae5,12390a3f0371
JPM,realized,2026-01-11,2026-01-22,11,322.8377990722656,302.0840148925781,15001.0,-0.06428548403974799,-964.3465460802596,8e3f56d7530c,e0a8558c88e0
JPM,realized,2026-01-17,2026-03-18,60,301.19854736328125,286.27490234375,1001.0,-0.049547533180933835,-49.59708071411477,7fba53ddd4f2,113b2713eec7
AUR,realized,2026-02-12,2026-03-18,34,4.21999979019165,4.059999942779541,15001.0,-0.037914657669886526,-568.7577797059678,a43e3923f37e,58cd672e3791
WMT,realized,2026-01-11,2026-03-06,54,117.50414276123047,123.31112670898438,15001.0,0.04941939757437959,741.3403830132683,4137ee9697e2,358d57bda8d7
HSTM,realized,2026-01-26,2026-01-26,0,21.742116928100586,21.742116928100586,15001.0,0.0,0.0,2b7afbd0b35b,ba08eef26218
SCSC,realized,2026-03-04,2026-03-30,26,38.09000015258789,35.880001068115234,15001.0,-0.058020453547373,-870.3648236641424,7570d3db420a,9c4bf8e3a703
URBN,realized,2026-03-04,2026-03-30,26,66.9000015258789,60.93000030517578,15001.0,-0.08923768437275373,-1338.6545032756787,9fc210daa72b,9bc05c0b7d47
OTTR,realized,2026-02-26,2026-03-30,32,85.03148651123047,85.18052673339844,15001.0,0.0017527651024692409,26.293229302141082,64c393800a34,7d91236ecc3b
IT,realized,2026-01-06,2026-01-21,15,244.77999877929688,232.44000244140625,15001.0,-0.05041260070034089,-756.2394231058137,4106573efba6,4182462af37d
IT,realized,2026-01-16,2026-02-12,27,230.6699981689453,153.6300048828125,1001.0,-0.33398358649878623,-334.317570085285,b6f9491fcfc9,7d3c616c2987
ADSK,realized,2026-01-21,2026-01-21,0,257.44000244140625,257.44000244140625,1001.0,0.0,0.0,ef4b443a8aa4,36bca3341ed9
ADSK,realized,2026-01-23,2026-02-10,18,270.0,243.5800018310547,1001.0,-0.09785184507016782,-97.949696915238,9688ec01c590,6c5faf9d205e
ADSK,realized,2026-02-19,2026-02-23,4,229.10000610351562,218.63999938964844,1001.0,-0.045656946465295944,-45.70260341176124,fd280bea0da9,a854538537ce
HUM,realized,2026-01-21,2026-02-10,20,269.3022766113281,180.38388061523438,15001.0,-0.3301806323918519,-4953.039666510171,96484704705b,72e02454c4bd
LNN,realized,2026-01-26,2026-03-30,63,123.50784301757812,117.2212142944336,15001.0,-0.05090064379352648,-763.5605575466908,9880cb89c8fe,1948b1156a50
IOT,realized,2026-01-12,2026-01-23,11,33.459999084472656,32.099998474121094,1001.0,-0.040645566275065444,-40.68621184134051,00e84778fa28,dffe61d30c1e
IOT,realized,2026-01-21,2026-02-03,13,31.799999237060547,24.649999618530273,1001.0,-0.2248427606940782,-225.06760345477227,2feee63cd56f,e03fa0f2b402
J,realized,2026-01-01,2026-03-17,75,134.57406616210938,129.9684295654297,100001.0,-0.034223804987297386,-3422.414722534726,8d9ac29d8f80,abd68b8d13eb
PLAY,realized,2026-02-26,2026-03-23,25,15.5,11.8100004196167,15001.0,-0.23806448905698716,-3571.2054003438643,73e7889800ca,2783bd8d0eb0
ICUI,realized,2026-01-26,2026-02-26,31,152.86000061035156,150.82000732421875,15001.0,-0.013345500968123545,-200.19586002282128,0709fa514c2f,7a76ecff2abc
SKY,realized,2026-03-04,2026-03-30,26,89.61000061035156,72.25,15001.0,-0.19372838402085862,-2906.1194886969,21e94253fcc2,af7467307787
HD,realized,2026-01-06,2026-01-10,4,346.9703063964844,372.449951171875,50001.0,0.0734346550862336,3671.8061889667665,2a67b36d0636,10df4d7f7c02
HD,realized,2026-01-12,2026-03-21,68,372.449951171875,330.8999938964844,1001.0,-0.11155849838255585,-111.6700568809384,9b4d4e3835ff,478c6d1c235e
EIG,realized,2026-03-04,2026-03-30,26,41.88259506225586,40.751976013183594,15001.0,-0.026994961687347,-404.95142027189235,d669ef1c22ee,bdca32ca9d1d
BANR,realized,2026-03-04,2026-03-30,26,60.76832962036133,59.597801208496094,15001.0,-0.0192621455810599,-288.95144586147956,56ce3554e286,fb9d65161759
LRN,realized,2026-01-21,2026-02-26,36,71.61000061035156,85.86000061035156,1001.0,0.19899455213717868,199.19354668931587,b67ba2b471c6,b15490c5b6ec
LRN,realized,2026-03-04,2026-03-30,26,86.69000244140625,84.16999816894531,15001.0,-0.02906914524733354,-436.0662478552504,9c5eb690e7d8,e4173c9c457c
LQDT,realized,2026-03-04,2026-03-30,26,32.470001220703125,29.780000686645508,15001.0,-0.08284571705967328,-1242.7686016121588,47062fbf1e23,a91975bf5f1b
UCTT,realized,2026-03-04,2026-03-30,26,58.970001220703125,55.88999938964844,15001.0,-0.05222997740032882,-783.5018909823326,e87a416e94dc,20e977de6f22
KNSL,realized,2026-01-21,2026-03-18,56,404.6376953125,348.0155029296875,1001.0,-0.1399330636733768,-140.07299673705018,77bf06e9c721,5fa2700c3c39
TFX,realized,2026-01-28,2026-03-30,61,104.75466918945312,114.63374328613281,15001.0,0.0943067662102295,1414.6957999196527,0efb3214367e,4f8d67a1f42e
CAKE,realized,2026-03-04,2026-03-30,26,63.7237548828125,54.101505279541016,15001.0,-0.15099941334227288,-2265.142199547435,4308694890f2,a82d24b19aca
CRWD,realized,2026-01-21,2026-03-26,64,445.8800048828125,392.6199951171875,1001.0,-0.11944919974517125,-119.56864894491642,42309bd069cb,326e6e888df6
CSGP,realized,2026-01-12,2026-01-12,0,59.29999923706055,59.29999923706055,50001.0,0.0,0.0,0de31bdb5c58,2a2ac5ac5235
RKLB,realized,2026-01-12,2026-01-12,0,87.9000015258789,87.9000015258789,15001.0,0.0,0.0,afa85b94f989,f89d2fc31b34
RKLB,realized,2026-01-21,2026-02-23,33,87.81999969482422,70.20999908447266,1001.0,-0.2005238063259687,-200.72433013229465,041df03102eb,75a5dac4f408
AMP,realized,2026-02-12,2026-03-26,42,465.5995788574219,446.5192565917969,1001.0,-0.0409801106617149,-41.02109077237661,29378b715a21,41fcf3ee6935
RYAN,realized,2025-03-18,2026-01-23,311,70.13811492919922,49.62637710571289,1001.0,-0.2924478059353586,-292.74025374129394,7972a313ffdc,27b1e885af49
RYAN,realized,2026-01-02,2026-02-03,32,50.23181915283203,46.59917068481445,1001.0,-0.07231767690843767,-72.3899945853461,fd1910cc7832,f0c976f07f92
CVLT,realized,2026-02-23,2026-03-26,31,85.02999877929688,81.16000366210938,1001.0,-0.04551329145884649,-45.55880475030534,2c6fa7f31320,6795fb89313e
DUOL,realized,2026-01-21,2026-03-18,56,146.80999755859375,100.05000305175781,1001.0,-0.318506881577826,-318.8253884594038,92e030830e64,3aa68faeaca6
DUOL,realized,2026-02-12,2026-03-26,42,112.05000305175781,98.11000061035156,1001.0,-0.12440876449567899,-124.53317326017466,ec43448b119d,341a48f523a9
AXON,realized,2026-01-07,2026-02-23,47,620.9099731445312,423.44000244140625,1001.0,-0.3180331758935353,-318.3512090694288,15ec23cfb5e7,56417d656e78
AXON,realized,2026-01-17,2026-03-18,60,620.52001953125,508.4100036621094,1001.0,-0.18067106997422933,-180.85174104420355,9833e9528ba9,5bbdcb54bc3a
VEEV,realized,2026-01-12,2026-02-12,31,233.2100067138672,171.99000549316406,15001.0,-0.26251018163133927,-3937.9152346517203,e9a90d2930d7,3c3eb9ac259b
SW,realized,2026-01-23,2026-03-17,53,42.9256706237793,39.627323150634766,1001.0,-0.0768385775973728,-76.91541617497016,3f488c28cdc3,0df85c9e7b30
SW,realized,2026-01-25,2026-03-17,51,42.51405715942383,39.627323150634766,15001.0,-0.06790069453884567,-1018.5783187772239,3f933193d34b,dbefcbcc682e
SAIL,realized,2026-02-21,2026-03-18,25,12.859999656677246,12.470000267028809,1001.0,-0.030326547438587193,-30.356873986025782,e8e58ea25fba,759b6de5efcb
NTNX,realized,2026-01-12,2026-01-21,9,53.25,41.56999969482422,1001.0,-0.21934272873569544,-219.56207146443114,187502d98377,f0744ab68e57
DKNG,realized,2026-01-21,2026-02-23,33,31.579999923706055,21.809999465942383,1001.0,-0.3093730361420824,-309.6824091782245,db33e0cda816,e5b86ca5c16f
HRL,realized,2026-01-12,2026-01-18,6,22.529203414916992,24.215194702148438,15001.0,0.07483581448401855,1122.6120530747623,93508f165086,7bc8820b085e
HRL,realized,2026-01-23,2026-03-17,53,24.254634857177734,22.59821891784668,1001.0,-0.06829275926373583,-68.36105202299957,789a93c59dfb,8b155e26570a
RBRK,realized,2026-02-12,2026-03-18,34,53.189998626708984,52.09000015258789,15001.0,-0.02068055090282964,-310.2289440933474,b4f4d1f87c57,86d7bff8ee19
RBRK,realized,2026-02-23,2026-03-26,31,47.2599983215332,47.59000015258789,1001.0,0.006982688167052428,6.98967085521948,5db61d031bfb,7e7b94aa0aa9
EFX,realized,2026-01-12,2026-02-23,42,220.2937774658203,187.27703857421875,1001.0,-0.14987594870547025,-150.02582465417572,ae303e4cf654,8909a1e621d7
TLN,realized,2026-01-21,2026-03-26,64,374.30999755859375,323.1300048828125,1001.0,-0.13673156744302464,-136.86829901046767,d8e5ee858b4f,c66d745fb358
AYI,realized,2026-01-21,2026-03-17,55,311.64813232421875,267.7109680175781,1001.0,-0.14098324279681937,-141.1242260396162,24f7a86b334d,a8fdbe054de0
CVNA,realized,2026-01-06,2026-03-17,70,88.08799743652344,62.948001861572266,15001.0,-0.2853963798310565,-4281.2310938456785,5675f728853d,2e50b5e4b685
SYY,realized,2026-01-08,2026-01-12,4,73.71427917480469,73.77384185791016,50001.0,0.0008080209665243134,40.401856347182196,1310aebd3dbf,14b8d0b6f12e
OTIS,realized,2026-03-25,2026-03-26,1,78.22602844238281,76.97362518310547,1001.0,-0.01601005808699336,-16.026068145080355,b8dddfeea673,cd292222c521
TRMB,realized,2026-01-12,2026-02-12,31,80.80000305175781,66.01000213623047,1001.0,-0.18304455887276833,-183.22760343164109,b3185fe8b27b,8038733817af
TRMB,realized,2026-01-21,2026-03-18,56,70.23999786376953,65.52999877929688,100001.0,-0.06705579766115169,-6705.64682191283,c1c9558f057d,f732708c1ef7
COIN,realized,2026-01-12,2026-03-26,73,242.97999572753906,173.3800048828125,1001.0,-0.28644329602660445,-286.7297393226311,ed4875c3d390,6a52d2043739
ALAB,realized,2026-01-07,2026-02-12,36,165.77000427246094,126.58000183105469,1001.0,-0.23641190463501008,-236.6483165396451,aced1c4bb822,793b0fcff4ae
S,realized,2026-01-21,2026-02-23,33,13.800000190734863,12.369999885559082,1001.0,-0.10362320908776976,-103.72683229685752,c4373c93c19e,80eeccfe958a
KDP,realized,2026-01-23,2026-03-26,62,27.516956329345703,26.040000915527344,1001.0,-0.053674374307279296,-53.72804868158658,0f66a94cb5ba,70a13426e338
APP,realized,2026-01-06,2026-02-10,35,617.239990234375,472.9200134277344,15001.0,-0.23381501375476374,-3507.4590213352108,75ab4cbcb21b,3613367feeaf
APP,realized,2026-01-06,2026-02-19,44,617.239990234375,412.0,1001.0,-0.33251246432759873,-332.84497679192634,7ed1b4103c48,49068cfed4a6
IQV,realized,2026-02-10,2026-02-12,2,182.4499969482422,168.85000610351562,1001.0,-0.07454092119598466,-74.61546211718064,9d2160ff7e70,ae9423f60d8a
MDB,realized,2026-02-19,2026-03-18,27,355.8900146484375,268.5199890136719,1001.0,-0.2454972661176607,-245.74276338377837,4cc1809fa34a,4c6ee1bcc289
IDXX,realized,2026-02-19,2026-03-17,26,630.72998046875,586.97998046875,1001.0,-0.06936407235230137,-69.43343642465366,cdcde5fdb5e8,286de7c84d22
FICO,realized,2026-03-02,2026-03-17,15,1407.5400390625,1199.9300537109375,15001.0,-0.14749845801178224,-2212.624368634745,923261a68ae0,d4896baddde2
FND,realized,2026-03-18,2026-03-26,8,54.18000030517578,52.61000061035156,1001.0,-0.028977476670007284,-29.006454146677292,af705d66f018,6ea3ba7155d9
CNC,realized,2026-01-12,2026-02-12,31,46.38999938964844,39.18000030517578,15001.0,-0.15542140934111567,-2331.4765615260762,16589b6f1b7c,59351857e8af
CNC,realized,2026-03-18,2026-03-26,8,36.15999984741211,33.560001373291016,1001.0,-0.07190261297269253,-71.97451558566522,748380c3e302,9224e314ec1a
CNC,realized,2026-03-18,2026-03-26,8,36.15999984741211,33.560001373291016,1001.0,-0.07190261297269253,-71.97451558566522,7f731eaa682d,ddde8905ad8d
BBY,realized,2026-01-04,2026-01-23,19,68.99942016601562,66.0444107055664,1001.0,-0.04282658395301492,-42.86941053696793,c7b8e5f0c18d,8397979e624a
FDS,realized,2026-01-06,2026-01-12,6,289.87255859375,293.9613952636719,15001.0,0.014105635558460328,211.5986390124634,a7c96b378bc1,3c0c16639a63
FDS,realized,2026-02-12,2026-03-21,37,199.9376983642578,207.457763671875,1001.0,0.03761204299709756,37.64965504009466,6d1d93b05109,b76c8ce45c64
PCTY,realized,2026-01-21,2026-02-12,22,140.47000122070312,104.19999694824219,1001.0,-0.25820462701836505,-258.4628316453834,1a8b5324df08,c482e4190138
ALNY,realized,2026-01-23,2026-02-19,27,357.9800109863281,339.3699951171875,1001.0,-0.05198618721158532,-52.03817339879691,4dd3dd049cdf,901d633764d7
GKOS,realized,2026-01-26,2026-02-26,31,124.2699966430664,121.43000030517578,1001.0,-0.02285343537948089,-22.87628881486037,7c29db8b7fb7,72cd2752e2a3
UNF,realized,2026-02-12,2026-02-26,14,234.72349548339844,232.26690673828125,1001.0,-0.010465883443231773,-10.476349326675004,58ce106f8a3f,814373616ff3
NVDA,realized,2026-01-06,2026-01-17,11,187.22987365722656,178.06036376953125,500001.0,-0.048974609172051826,-24487.353560635085,e48e2936224f,b97f50e92297
NVDA,realized,2026-01-23,2026-03-06,42,187.6598358154297,177.8103790283203,15001.0,-0.0524856943645452,-787.3379011625425,9c0dbb3dd360,14b72c440f4b
NVDA,realized,2026-02-10,2026-03-11,29,188.52978515625,186.02999877929688,500001.0,-0.013259371058431686,-6629.698788586901,4fb1e8f470fc,218bb2cc8704
NVDA,realized,2026-02-12,2026-03-17,33,186.9298858642578,181.92999267578125,50001.0,-0.02674742546040667,-1337.398020445794,8d058fd0c918,257bbd7e1444
EBAY,realized,2026-01-23,2026-02-19,27,93.04016876220703,84.23409271240234,1001.0,-0.09464810916574477,-94.74275727491052,c347527baea4,3f575466b08e
BAX,realized,2026-01-23,2026-03-04,40,19.81995391845703,19.02011489868164,1001.0,-0.04035524114062408,-40.395596381764705,fac21ffced4d,68de31153fe2
SOFI,realized,2026-02-12,2026-02-12,0,19.299999237060547,19.299999237060547,1001.0,0.0,0.0,5726e658ce48,51b063fdcf26
RAMP,realized,2026-01-26,2026-02-26,31,26.18000030517578,27.260000228881836,1001.0,0.04125286138719177,41.29411424857896,f6f0b3ddc74a,e73453862aa2
VST,realized,2026-03-02,2026-03-26,24,165.76388549804688,152.3000030517578,1001.0,-0.08122325563156338,-81.30447888719495,5117cd514892,46512616a6a8
AVNS,realized,2026-03-04,2026-03-30,26,13.880000114440918,13.729999542236328,1001.0,-0.010806957562523898,-10.817764520086422,20a1850d99e2,d9197e2fd504
EOG,realized,2026-01-01,2026-01-12,11,105.43842315673828,103.6396713256836,1001.0,-0.017059737590923316,-17.07679732851424,f8846cd7bf38,a235414f663f
HLI,realized,2026-03-11,2026-03-26,15,146.3699951171875,141.13999938964844,1001.0,-0.035731337719536,-35.76706905725554,00e7c6dfed00,b2d8cc7217d0
ZBRA,realized,2026-02-10,2026-03-17,35,256.57000732421875,209.05999755859375,500001.0,-0.18517366960039186,-92587.01997386554,8cc397bab321,7ef1b523e055
MOH,realized,2026-02-12,2026-03-26,42,126.70999908447266,138.8000030517578,1001.0,0.09541475854028866,95.51017329882895,509d298168ec,5fe277a40227
SYK,realized,2026-01-07,2026-03-18,70,366.7575988769531,344.8768005371094,1001.0,-0.05966010903889885,-59.719769147937754,b37f1c60b1f0,f6fd081f6fba
LULU,realized,2026-01-06,2026-02-10,35,215.8800048828125,180.6199951171875,15001.0,-0.16333152199419956,-2450.1361614349876,cc9e9d070215,68fe031aa7f1
MA,realized,2026-01-21,2026-03-18,56,526.6649169921875,487.63201904296875,15001.0,-0.07411334358881885,-1111.7742671758715,aea7722c785a,c39ad41f3ebc
SHAK,realized,2026-03-04,2026-03-30,26,97.4000015258789,83.52999877929688,15001.0,-0.1424024900338098,-2136.179752997181,0299a4cca230,c497185cb4c2
NRG,realized,2026-01-06,2026-02-10,35,158.64736938476562,155.95240783691406,15001.0,-0.01698711777133539,-254.8237536878022,20d30b9c65e9,9b29248f0ee9
NFLX,realized,2026-01-23,2026-02-10,18,86.12000274658203,82.20999908447266,100001.0,-0.04540180605445414,-4540.226007251468,0ee8d7da006c,c80aca484b0e
WAT,realized,2026-01-06,2026-02-10,35,400.5400085449219,327.0199890136719,50001.0,-0.18355224937037593,-9177.796020768166,d7834738398e,6edf1f9cc501
WAT,realized,2026-01-07,2026-02-11,35,399.4100036621094,329.20001220703125,50001.0,-0.17578425881008725,-8789.388724763172,90dfe1f2cde1,041f34cdc9a2
CORT,realized,2026-01-26,2026-01-26,0,45.63999938964844,45.63999938964844,50001.0,0.0,0.0,0ab349ce4f70,09f52dd326a7
CORT,realized,2026-02-06,2026-03-30,52,40.83000183105469,38.119998931884766,15001.0,-0.06637283315301579,-995.6588701283898,88593ee42351,9bf23a644e26
HIW,realized,2026-01-25,2026-01-26,1,25.14936637878418,25.14936637878418,15001.0,0.0,0.0,8815cf86ec8f,a4a2e5f98e31
ALRM,realized,2026-01-26,2026-01-26,0,49.81999969482422,49.81999969482422,15001.0,0.0,0.0,7f1e9e653f4d,a40050d0c1b1
ALRM,realized,2026-02-06,2026-03-30,52,48.220001220703125,42.34000015258789,50001.0,-0.12194112234055009,-6097.178058149845,e3f50cdc4bb7,2e473fe6c4df
PRGS,realized,2026-03-04,2026-03-30,26,38.70000076293945,28.270000457763672,15001.0,-0.26950904650017304,-4042.905206549096,3662b61c32fa,93d2d9ab8a27
BLFS,realized,2026-03-04,2026-03-30,26,20.670000076293945,18.780000686645508,15001.0,-0.09143683515589553,-1371.6439641735888,4a8b17d73133,5293574c6ce7
AMD,realized,2026-01-16,2026-03-17,60,231.8300018310547,196.30999755859375,15001.0,-0.15321573563350105,-2298.389250238149,028be7a18066,017b882195c4
TPG,realized,2026-01-21,2026-03-18,56,61.91176223754883,40.62561798095703,50001.0,-0.3438142202271538,-17191.054825577918,d50903ab4230,dad03683c487
ADUS,realized,2026-03-04,2026-03-30,26,105.68000030517578,94.37999725341797,15001.0,-0.10692659934828164,-1604.0059168235728,c690a856f3a3,1a392e5d95be
BCPC,realized,2026-03-04,2026-03-30,26,182.66000366210938,170.44000244140625,15001.0,-0.06690025717566553,-1003.5707578921586,a6a5ff4e5172,57298d08ff61
CSW,realized,2026-03-04,2026-03-30,26,278.1875,259.2367248535156,15001.0,-0.06812231011991687,-1021.902774108873,cbdcd16a135b,4e1f814e220b
BALL,realized,2026-02-10,2026-03-11,29,67.5581283569336,61.5099983215332,50001.0,-0.08952483117125405,-4476.331083393874,4e2fab04f1da,1d26f9ea568a
MSCI,realized,2026-01-21,2026-01-21,0,584.546875,584.546875,15001.0,0.0,0.0,29688a20a75f,7e70e7c2940c
EPAC,realized,2026-03-04,2026-03-30,26,40.119998931884766,35.209999084472656,15001.0,-0.1223828509005757,-1835.865146359536,5cf3f18c5b46,b240e68cadc9
CCL,realized,2026-02-10,2026-03-18,36,32.99445724487305,24.012922286987305,15001.0,-0.27221344758690846,-4083.473927251214,c5b2cc48eff9,d04b4d3f9945
JJSF,realized,2026-01-21,2026-01-26,5,94.87125396728516,92.484619140625,15001.0,-0.025156564574166474,-377.3736251770713,13250ffef8d1,ab79d76a527b
VCTR,realized,2026-03-04,2026-03-30,26,68.218994140625,64.9800033569336,15001.0,-0.04747931019056992,-712.2371321687393,507aa08c5c20,9e8c63b5d7d7
NEO,realized,2026-03-04,2026-03-30,26,9.100000381469727,7.199999809265137,15001.0,-0.20879126291835648,-3132.0777350382655,c0a24f570297,525ffe608c73
CVCO,realized,2026-02-02,2026-03-01,27,465.79998779296875,563.1199951171875,15001.0,0.20893089281804356,3134.1723231634714,d2da2b4b3755,24580ae6e285
HE,realized,2026-03-11,2026-03-30,19,14.720000267028809,14.75,15001.0,0.0020380253007459197,30.572417536489542,75067d041cee,a5144f12858f
WSC,realized,2026-02-26,2026-03-30,32,22.095853805541992,16.56999969482422,15001.0,-0.25008556624916667,-3751.5335793037493,f812f4768fe4,64afaab9dd8d
MC,realized,2026-02-21,2026-03-30,37,60.15314483642578,54.35167694091797,15001.0,-0.09644496412089047,-1446.7709067774779,abb21e6a4557,54f34c196c87
BL,realized,2026-01-26,2026-02-26,31,54.529998779296875,35.04999923706055,15001.0,-0.3572345493914113,-5358.875475420561,bbf7b75629d3,07b7e8235025
ZTS,realized,2026-01-01,2026-03-17,75,124.84159088134766,121.15303039550781,100001.0,-0.029545926640309614,-2954.6222099576016,6dc12daad632,e59cc3d4247e
CDW,realized,2026-02-19,2026-03-17,26,122.8185806274414,116.74775695800781,1001.0,-0.0494291957977341,-49.47862499353184,1d81ee1f2a86,b6043eeb90c9
SPY,realized,2026-03-04,2026-03-15,11,683.2639770507812,667.2078857421875,250001.0,-0.023499104076725584,-5874.799518285473,ae5d4741f9c7,8797574483f6
VOO,realized,2026-01-31,2026-03-19,47,637.6671142578125,604.8407592773438,1000001.0,-0.05147882687768161,-51478.87835650849,c2a0380cca43,3820ed2d3ff9
DHR,realized,2026-03-02,2026-03-11,9,205.5618133544922,194.64508056640625,15001.0,-0.05310681303078402,-796.655302274791,9abc87c4aed9,10cf01abaff8
DHR,realized,2026-03-12,2026-03-17,5,185.86380004882812,194.79476928710938,15001.0,0.048051149475772055,720.8152932860565,fc9230104091,bbcebe9c63a4
NVR,realized,2026-01-06,2026-03-17,70,7239.72998046875,6596.75,250001.0,-0.08881270188299469,-22203.264283450553,ba595b5c4aae,6f87088c8ee1
OKTA,realized,2026-02-23,2026-03-18,23,69.51000213623047,78.43000030517578,1001.0,0.12832682915853302,128.45515598769157,7d1860588387,d28491b44aae
MHK,realized,2026-03-04,2026-03-30,26,115.08999633789062,95.3499984741211,50001.0,-0.171517929376027,-8576.067986730726,a0c392a063b4,3c82d7274ef4
