ticker,trades,buys,sales,total_notional,avg_post_5d,avg_post_1d
AMZN,23,19,4,8848023.0,-0.015898329715881038,0.010574328100019683
MSFT,21,17,4,8443021.0,0.0146500049756866,-0.0038863749971789325
VOO,6,3,3,5500006.0,0.0,0.0
NVDA,15,11,4,3617015.0,-0.0003593281967559511,0.010674282561148848
SPY,5,2,3,3500005.0,0.001205671313550693,-0.0011189696073560353
BA,8,6,2,2533008.0,-0.04614345645495684,0.007873540472027206
ORCL,18,16,2,2530018.0,-0.022355418444519708,0.012197629770057157
UBER,16,14,2,2289015.0,-0.022295746342816388,-0.01630438366462317
META,21,17,4,2202021.0,-0.00020357491752819203,0.012678109362007594
AAPL,8,8,0,2200008.0,0.014145229309381382,0.013805995565634225
ACN,12,8,4,2184012.0,0.013802985612649907,-0.01988966371734124
NFLX,12,10,2,2167012.0,0.012700571139850875,-0.0007605604938606846
CMCSA,6,6,0,2046006.0,-0.004016079638624071,0.0016064624955887772
PTC,8,7,1,2034008.0,0.005044382952223337,-0.017733342982491223
COST,12,12,0,1862012.0,0.07088889210094418,0.010960143185460793
AVGO,12,10,2,1796012.0,-0.013085270225532164,-0.003990745402845387
CDNS,12,9,3,1622012.0,-0.02781813896816938,-0.004873785985729086
ZBRA,5,4,1,1531004.0,0.01330080009723621,0.012333019625394478
MCHP,5,5,0,1530005.0,-0.06028654390728079,-0.010132962563635134
GOOGL,9,9,0,1445009.0,0.0008003034818874021,0.03942168264634315
MSI,10,9,1,1411010.0,0.015002930198888615,0.013285980238077491
FTNT,12,8,4,1378012.0,0.040309113641080606,0.01118234127421494
UNH,13,12,1,1336013.0,-0.015262797836667787,0.010182255861338353
PLTR,12,7,5,1335012.0,-0.0009068694769167433,-0.007291662926767387
PM,12,12,0,1334012.0,0.024822205265290543,0.0052426631612183
WDAY,13,9,4,1252013.0,0.0347586778176366,-0.006873930643082999
SNPS,9,7,2,1197009.0,-0.020935794127422105,-0.004254293807710003
LII,6,6,0,1180006.0,-0.05085042959845695,-0.0020646697830542494
BSX,11,8,3,1170011.0,0.022769307474415856,-0.008738003110090525
NOW,9,8,1,1170009.0,0.11212236306789365,-0.017041171832328728
JBL,3,3,0,1100003.0,-0.05086892498437448,0.013198352757587415
TXN,4,4,0,1080004.0,0.024189395284245012,0.037842539560309925
AXON,6,4,2,1054006.0,-0.0011177219867729254,-0.014259340701140433
TDG,3,2,1,1051003.0,-0.0033887641622365587,0.0028571102594993
NVR,4,3,1,1050004.0,-0.0019100616773461284,-0.006518675746736681
CME,6,5,1,1046006.0,0.03877514171405658,0.026550025973315836
CMG,6,6,0,1046006.0,0.011325459666959511,-0.017141034281601505
ROP,12,9,3,1035012.0,0.007671175500472639,-0.011869485681684536
EME,5,5,0,1031005.0,-0.07626774483781437,-0.0020434799422076474
TT,4,4,0,1031004.0,-0.04201769179021296,0.007184675459204193
DELL,4,4,0,1031004.0,-0.01540138903896068,0.02063276398011338
BKNG,12,9,3,1020012.0,-0.018746899489282924,-0.017220973042425442
ITW,5,5,0,1017005.0,-0.016069402514116246,-0.005210602360733281
CDW,4,3,1,1017004.0,0.025427957347594596,0.005538758012667548
IEMG,2,2,0,1000002.0,-0.02386573327256371,0.0198882058944638
VYM,1,0,1,1000001.0,0.00032061457813060273,0.0020518550297696065
DASH,13,9,4,999013.0,-0.0013383310196102287,-0.015167499444624772
LRCX,7,7,0,865007.0,-0.05483330758900574,0.021435529029050576
QCOM,13,10,3,815013.0,-0.03763674130577235,0.0073225255410018595
AMAT,7,7,0,815007.0,-0.05633113563205489,0.012546327534446173
DLR,4,4,0,780004.0,-0.04603884517060939,-0.010037418297653044
DDOG,11,7,4,763011.0,0.020747121321878705,0.007324918000331188
AVB,4,3,1,752004.0,-0.0051064154060406755,-0.0014971595171656478
AMD,9,8,1,747009.0,-0.05940602454638572,-0.0048406312982389324
SPGI,7,5,2,732007.0,-0.013912901149320703,-0.017802856433254927
WM,5,5,0,715005.0,0.021548369276026,-0.005559345228622447
HD,12,10,2,713012.0,-0.01722173384528212,-0.01698555665747548
PAYX,12,11,1,666012.0,0.017653901723796283,-0.02341834710024587
APP,11,9,2,664011.0,-0.017883918440298744,-0.048191882736656554
SYK,9,8,1,663009.0,0.06154597376998118,0.02018070855225251
LIN,7,7,0,660007.0,0.004366229837757222,0.018635788476060417
PANW,9,7,2,648009.0,0.06320861184515132,0.031411015351281865
DHR,5,3,2,631005.0,0.0009382879887738776,-0.00032477928857476795
CRM,13,10,3,602013.0,0.025491351747175667,-0.017193306372436774
CHD,4,4,0,602004.0,0.027297561469138167,0.01689651810695543
V,14,11,3,601014.0,0.006109552269747951,-0.010696150652177742
APH,6,6,0,596006.0,-0.06780328155245616,-0.02526005542781559
INVH,8,5,3,569008.0,0.0017568584800883788,0.0
AZO,6,2,4,553006.0,0.006112757819582009,0.004205514754194453
ULTA,5,5,0,551005.0,-0.04679337703331212,-0.025831389539236534
VRSN,4,4,0,545004.0,0.061704143187632704,0.03268028857477874
ABNB,6,5,1,533006.0,-0.02125771184757309,-0.012351119899569203
EW,3,3,0,530003.0,0.03047786533128824,0.020820217770259067
MO,4,4,0,517004.0,0.05880670548353594,0.023608549725116917
OMC,8,6,2,507008.0,-0.027682792173750328,-0.011835895779100736
ECL,2,1,1,500002.0,0.0,0.0
ABT,1,0,1,500001.0,-0.052993494980021115,0.006164749881127067
XLE,1,1,0,500001.0,0.0646170095609288,0.0010422333439131493
JPM,15,11,4,451015.0,-0.014051418634940986,-0.007086948670651596
ZTS,3,2,1,450003.0,0.00857809403306137,-0.01126421463050885
MA,10,9,1,427009.0,-0.00017604345987433945,-0.014677550196992583
FISV,11,10,1,420010.0,0.01714481049429466,-0.03742051879540573
KMB,6,6,0,382006.0,-0.008937694163944047,-0.0030819337749091826
WAT,7,5,2,380007.0,-0.023058462056966288,-0.021026415894565414
PGR,10,8,2,371010.0,0.013456295703984104,-0.007438740483155003
MRSH,7,4,3,353007.0,0.002343217319281314,-0.0037159119861121842
EBAY,4,3,1,352004.0,0.01739126939731998,0.011820646825883014
TYL,10,8,2,349010.0,0.025364114185514753,-0.021430643197024108
ADSK,9,5,4,349009.0,0.004394870324508511,-0.001816606074150687
IT,9,7,2,348009.0,0.0042857705136705344,-0.030872267357151668
CVX,11,11,0,342011.0,0.0704848550996231,0.00026896737561542435
CRWD,8,7,1,320008.0,0.09708339717004189,0.022506337015579955
SMCI,5,5,0,317005.0,-0.06800858149805565,-0.024092738440676515
ICE,5,4,0,310005.0,-0.006546423111018489,-0.003889331324029268
DIS,8,7,1,305008.0,-0.027340824790989378,-0.008901672659890284
EFX,6,5,1,304006.0,-0.023706656258319938,-0.027264677726116574
SYY,4,3,1,302004.0,0.015141127588497784,0.0014387440039265557
CINF,3,1,2,300003.0,-0.008262639118801712,0.0010786144881085502
SWKS,7,5,2,282007.0,0.02611110948079743,0.011827538919414718
FFIV,3,3,0,280003.0,0.08034252107443399,0.0068172371267672715
XOM,9,9,0,277008.0,0.08645887216658699,0.006240504976167592
BX,8,5,3,269008.0,-0.017310198460585097,-0.006394589717756533
CSGP,9,7,2,268009.0,0.01260716115840143,-0.01815431078563131
HON,3,3,0,266003.0,-0.0008995394888568518,-0.0026538977411821366
Q,4,4,0,265004.0,-0.13732471122827455,-0.03765729834582386
SW,10,8,2,264010.0,-0.06732039274526637,-0.002070061801787223
XEL,2,2,0,251002.0,-0.002127636617006216,0.0001251831794675141
DVA,2,2,0,251002.0,-0.029570125033964008,-0.012167085191509832
DHI,2,1,1,251002.0,0.0,0.0
VRRM,4,4,0,250003.0,-0.021370668266384504,-0.01031683071458249
XLK,1,1,0,250001.0,-0.011187166034353005,0.009417860639351983
CEG,1,0,1,250001.0,0.11077997880646832,0.06372613268225183
CSCO,9,9,0,249009.0,0.162050520591489,0.025984508080019737
TRMB,7,5,2,247007.0,-0.014788763097514214,-0.012210204339115323
TER,6,6,0,245006.0,-0.10302705264240895,0.013753639304006318
FDS,7,3,4,233007.0,-0.003976341620030392,0.009295772235999297
T,6,6,0,232006.0,-0.009908838863888485,-0.019421315101408505
PODD,5,2,3,231005.0,0.00472372004926753,0.01201137909575851
TDY,4,4,0,230004.0,-0.040685213468574816,0.005995284757198981
LW,4,4,0,230004.0,0.018836000535402575,0.0031393641292988004
VSNT,7,4,3,219007.0,0.007112785977604991,0.0002477076212048577
MU,6,6,0,217006.0,-0.08849699358588663,0.04833153352160296
FIX,5,5,0,217005.0,-0.09427851810613705,0.009085864563456603
J,3,1,2,215003.0,0.003679383077662808,0.02009055354433231
TMUS,8,6,2,212008.0,0.00031040310736447446,-0.0078117057130918125
ACIW,4,1,3,201004.0,-0.0048601214372419,0.016239911355769444
NKE,3,1,2,201003.0,-0.0005509618051658539,7.869596138091026e-05
BRK-B,10,7,3,200010.0,-0.0037116463867447385,0.0004618917588756372
CWST,2,0,2,200002.0,-0.021913297249507906,0.006715359487140722
DLTR,2,2,0,200002.0,0.01751822015870168,-0.025266703232926905
MAS,2,2,0,200002.0,-0.07636107519767764,-0.03323782776224824
MPWR,6,6,0,196006.0,-0.08215591713456522,0.03177825562294841
PAYC,7,5,2,183007.0,0.011119145740650356,-0.0084095312627626
PWR,6,6,0,181006.0,-0.06748409245183183,0.01032889772887307
FICO,5,3,2,181005.0,0.018443835067046502,-0.0039336989597721
ALRM,5,3,2,180005.0,0.00636126332122041,0.000996909941365216
MKTX,5,4,1,180005.0,0.0021221013587535164,-0.008870328979542399
CORT,5,3,2,180005.0,0.027599692706598556,0.023143088355353218
TFX,4,3,1,180004.0,0.014376572742388473,0.003913834347128728
CCL,4,3,1,180003.0,-0.01637176656799424,0.0036217172214841266
SBUX,10,10,0,178010.0,0.003973646215520859,-0.005911111059908763
WMT,6,5,1,175006.0,0.019690528906556124,0.0057281425124397845
PYPL,7,7,0,168007.0,-0.03543126858080413,-0.004621458864860568
PLD,4,4,0,166004.0,-0.009181915107592193,-0.012242588857028983
TRNO,4,4,0,165004.0,-0.015627467022635604,0.005613641277950715
COIN,8,7,1,162008.0,-0.05125458419542479,-0.021094188336991136
NRG,5,4,1,160005.0,-0.059545642712344825,-0.027348163712345486
CCI,8,5,3,156008.0,0.002295071961449795,-0.005136604517535434
CPNG,4,3,1,152004.0,-0.020125767452930172,0.0018868056935917523
MHK,2,1,1,150002.0,0.0,0.0
MMSI,2,1,1,150002.0,0.0,0.0
KFFB,2,2,0,150002.0,0.059006228426173056,0.0
URI,2,1,1,150002.0,0.0,0.0
HUM,8,6,2,149008.0,0.025732150626951004,0.016082613515623893
EOG,8,7,1,149008.0,0.05686646051622098,0.0044732037790557455
UPS,6,6,0,147006.0,0.0002259466688628231,0.00010150656068898366
ADI,5,5,0,146005.0,-0.012724881247604281,0.03035868208566142
LULU,5,4,1,146005.0,-0.028338509529792593,-0.018796443322889482
TSLA,5,3,2,146005.0,-0.013537905654253345,0.005453905397974695
HIW,5,3,2,145005.0,0.0009718725402430602,0.003755884482640115
ON,5,5,0,145005.0,0.01834594199901421,0.11142059750374948
TTD,9,7,2,135009.0,0.0005256085972123075,-0.017081878411042403
ISRG,9,6,3,135009.0,0.007494532741227158,0.00030873017420889753
XYL,4,3,1,131004.0,-0.023310040677285,-0.011341221491411639
MOH,4,3,1,131004.0,-0.01879109739906862,0.0010178499475961991
TEL,4,4,0,131004.0,-0.08262759284243795,-0.02840033469324862
JBTM,4,4,0,130004.0,-0.03263229278364783,-0.03247760546870434
BMI,4,3,1,130004.0,0.017906841743631143,0.0044767021183013825
PTCT,4,4,0,130004.0,-0.0627832484035171,-0.020794423199136866
CNK,3,3,0,130002.0,0.0007610321812991142,0.0003805525001884193
KEYS,3,3,0,130002.0,-0.048499955318518216,-0.0012719244099027665
VEEV,7,6,1,119007.0,0.0174292499342613,-0.016533158072067556
RJF,4,4,0,117004.0,-0.016028091761516296,0.0031275149836481014
IQV,4,2,2,117004.0,0.0,0.0
NEM,4,4,0,116004.0,-0.12198183147363485,-0.006099110741220213
CVNA,3,2,1,116003.0,-0.04688914168416019,-0.017272561184527992
MDLZ,2,2,0,115002.0,-0.006645054170864431,-0.0029173468873585446
KLAC,2,2,0,115002.0,-0.03784384045414255,0.021177605646119913
EAT,2,2,0,115002.0,-0.06650410018641362,-0.06628242887265479
NDAQ,2,1,1,115002.0,0.0,0.0
FSLR,2,1,1,115002.0,0.0,0.0
ANET,7,7,0,112007.0,-0.006734891962223202,-0.012978749346598583
ABBV,5,5,0,110005.0,0.028384460113344924,0.0030789925323254576
ALKS,5,3,2,110005.0,-0.006738056331590335,0.0032384378013077765
GIS,8,3,5,107008.0,0.002636980655472939,0.003808968953193677
BAC,5,2,3,104005.0,0.00031507687388932057,0.0037022396585492793
AMT,5,2,3,104005.0,-0.0046750838883509276,0.005536306905587335
DT,5,3,2,104005.0,0.0038255547947564405,-0.022851311639078456
POOL,4,3,1,103003.0,-0.006736758112004611,-0.019086300938712972
AMCR,4,3,1,102004.0,-0.032253987930377925,-0.0015298392823292636
MORN,4,4,0,102004.0,-0.02280747126935554,-0.05460132922081416
GEV,4,4,0,102004.0,-0.05613910126331468,-0.00877818089062888
VLTO,3,2,1,102003.0,-0.0009992779359965398,-0.0033821624534048802
VRSK,3,0,3,102003.0,-0.02639489656280929,0.02916068957393191
IDXX,3,1,2,102003.0,-0.007847622444412818,0.0032713954662982672
HLI,3,1,2,102002.0,0.006063446003941522,-0.0022738007552282587
BSY,3,3,0,101003.0,0.010407106570060358,-0.04346489894496233
RRR,3,2,1,101003.0,-0.009051471870365606,-0.012508629766657247
CPS,2,1,1,101002.0,0.0,0.0
AEE,2,2,0,101002.0,-0.004475275124027312,-0.003653315678904288
CBSH,2,1,1,101002.0,0.0,0.0
BALL,2,1,1,100002.0,0.0,0.0
CIEN,2,2,0,100002.0,-0.06104139307569586,0.0012994888127422662
IOSP,2,2,0,100002.0,-0.033128213248118536,-0.009323727475775439
PNW,2,2,0,100002.0,0.016728419696630886,-0.007512771574113036
RITM,2,2,0,100002.0,-0.06832296664983092,-0.042443049056770675
FELE,2,2,0,100002.0,-0.02483900909428802,-0.004702024694500581
GBDC,2,2,0,100002.0,-0.02887538897013318,-0.005319125808195512
TPG,2,1,1,100002.0,0.0,0.0
WSM,2,2,0,100002.0,-0.020696760906806548,-0.018986269699771862
TTMI,1,0,1,100001.0,0.01193680791476823,-0.03342315556725828
ARE,1,1,0,100001.0,-0.014193545105636762,0.016559149629326277
IPAC,1,1,0,100001.0,-0.017807403590057443,0.007268303475953869
IR,1,1,0,100001.0,-0.06352674783826238,-0.024859969563518252
TTWO,1,0,1,100001.0,-0.05376341254548046,-0.004424974448837955
XLP,1,1,0,100001.0,0.0195404292844416,0.003315949445775643
XLY,1,1,0,100001.0,-0.027559405790845204,0.0036351365444899347
WAY,1,1,0,100001.0,0.01083037640183735,-0.03610102514827939
XLF,1,1,0,100001.0,-0.009305997283710815,-0.011438544622785768
AEIS,1,0,1,100001.0,0.10777214561440747,0.0006776883586900604
PBOG,1,1,0,100001.0,0.055838575439260296,-0.001697579653837143
MTD,1,0,1,100001.0,0.02021533183617115,0.043750220533583135
CTRE,1,1,0,100001.0,-0.019957238050431404,0.008315478091049001
IDCC,1,1,0,100001.0,-0.018642052637900836,0.0014453491967731128
MTCH,1,1,0,100001.0,-0.00028286583873928574,0.020079159282163743
HEZU,1,1,0,100001.0,0.0013868845870143394,0.009166565607692618
CPAY,1,1,0,100001.0,0.014186966845484126,-0.02095524151631794
COHR,1,1,0,100001.0,-0.05449053327632519,0.07940959042263267
PRVA,1,1,0,100000.0,0.012168652058249647,-0.016514605142778846
PJT,1,0,1,100000.0,0.0028527128224574067,-0.0035657920992042853
CAT,5,4,1,96005.0,-0.03419869059537749,-0.006472708157153714
INTC,4,4,0,95004.0,-0.08133651860500687,-0.002653177126314965
EQIX,7,6,1,91007.0,-0.02128378689574618,-0.002214305888568162
MSTR,7,4,3,84007.0,-0.015329909587294632,-0.004949881058060761
BRO,6,4,2,83006.0,0.013866473467106061,-0.00830792766863448
MRK,6,6,0,83006.0,0.016641408485187387,0.009611054331784347
GTLB,5,3,2,82005.0,0.020623909606880406,-0.008925482582758312
TRGP,4,2,2,81004.0,0.0,0.0
OKE,4,4,0,81004.0,0.0770100365836498,0.004071023511355702
VRTX,4,4,0,81004.0,-0.031185194226623563,0.010640408937853648
MSCI,3,2,1,80003.0,-0.0007536115163730509,-0.005839637147668081
TGTX,3,2,1,80003.0,-0.02436922538332147,0.0008619386301847464
EVTC,3,2,1,80003.0,0.004589068740915659,-0.005840635354266214
ADMA,3,1,2,80003.0,-0.008719788784003613,-0.0035671880388751377
HSTM,3,1,2,80003.0,-0.015806592760530796,0.006706636734365438
PEP,9,8,1,79009.0,-0.00758063621840273,-0.013214804149908128
BLK,8,7,1,78008.0,-0.03858120217748856,0.0010983814091104118
NTAP,5,5,0,75005.0,0.0375117685195949,0.020218518508550887
TEAM,8,4,4,71008.0,0.0,0.0
FLUT,7,4,3,70007.0,0.002292623310635472,-0.0014142752297175028
TOST,6,4,2,69006.0,-0.0005732432664621502,-0.013327605274067655
LITE,4,4,0,67004.0,-0.10306636513092142,0.03829216943979915
A,4,4,0,67004.0,-0.020637748446093732,-0.0014172157656942015
TGT,4,4,0,67004.0,0.05453334992502125,0.006795952842173845
OTIS,4,2,2,67004.0,0.0,0.0
CPRT,10,7,3,66010.0,-0.0038277477029395645,-0.005980861489637062
GPI,3,1,2,66003.0,0.030413926827298998,0.008290211920454446
NSIT,3,1,2,66003.0,-0.005860746447995925,-0.0011491728465904516
CARR,3,3,0,66003.0,-0.06284318311944029,0.00015256462176542056
LAUR,2,2,0,65002.0,0.0036608526861148737,-0.003355723442584033
ODFL,2,1,1,65002.0,0.0,0.0
EPAC,2,1,1,65002.0,0.0,0.0
BCPC,2,1,1,65002.0,0.0,0.0
BOX,2,2,0,65002.0,0.06860713422960481,-0.013721410984393367
STEP,2,1,1,65002.0,0.0,0.0
RMD,2,2,0,65002.0,0.02261087126569092,-0.006967941685721461
HNI,2,2,0,65002.0,-0.07582934461042543,-0.0186413866435925
MIR,2,2,0,65002.0,-0.031118052411850512,-0.016877621850007546
ADUS,2,1,1,65002.0,0.0,0.0
APAM,2,2,0,65002.0,0.00037001177415637,-0.0016241924643290303
PLMR,2,2,0,65002.0,0.04409464270125101,-0.004326554388215321
CBRE,7,6,1,63007.0,-0.07888580121248377,-0.01690765613484072
CNC,6,3,3,62006.0,0.0,0.0
GS,5,5,0,61005.0,-0.018141488251168274,0.010064444709144485
MATX,5,3,2,61005.0,0.001173122265771273,0.003027771406097327
GLW,5,4,1,61005.0,-0.06782690624774514,0.025030203571144438
PAYO,4,2,2,60004.0,0.0,0.0
ITRI,4,4,0,60004.0,-0.03987208230357009,0.011813919015941454
ICUI,4,3,1,60004.0,0.0017447062138361417,-0.0048283794895283266
NTNX,4,3,1,53004.0,0.04358106755502142,0.0011261089041045282
DOCU,3,3,0,52003.0,0.09384678696613025,-0.0024347191148416376
CAG,3,2,1,52003.0,-0.001666659400576637,0.002142860775902158
SAIL,3,2,1,52003.0,0.08211314082473418,0.005742198359280367
SNAP,3,3,0,52003.0,0.0,0.010810800129287304
FND,2,1,1,51002.0,0.0,0.0
WSFS,2,1,1,51002.0,0.0,0.0
OKTA,2,1,1,51002.0,0.0,0.0
DORM,2,1,1,51002.0,0.0,0.0
CALM,2,2,0,51002.0,-0.0039299894699263245,0.007986877595703785
UNP,8,4,4,50008.0,0.0,0.0
SNOW,8,5,3,50008.0,0.028901842048537168,0.0006415307945323373
PHM,1,0,1,50001.0,0.030554342267617173,0.013793119065573362
SLM,1,1,0,50001.0,-0.024988693261686585,-0.031349410580749956
ARCC,1,1,0,50001.0,-0.010655341399138249,0.0005327772316435736
DV,1,0,1,50001.0,0.05494507274315027,0.11288712173857206
GFF,1,1,0,50001.0,-0.04248682441748559,-0.005400859731314687
PRIM,1,1,0,50001.0,-0.07590472967231045,-0.003177410420607903
NET,1,1,0,50001.0,0.10675091363626375,0.03121153188395935
TSLX,1,1,0,50001.0,-0.002836031732310801,-0.0158819508012217
TPR,1,1,0,50001.0,-0.000759059044785642,0.007363556153978828
CHTR,1,1,0,50001.0,-0.0366414158737003,-0.032855602153271816
LIF,1,1,0,50001.0,0.01191100237939526,0.03987573687517415
MAIN,1,1,0,50001.0,0.03051215781171621,0.0309940254559348
LAD,1,1,0,50001.0,-0.06614599441527187,-0.00755534567560467
STZ,1,1,0,50001.0,0.02764332053006762,-0.014102255834214589
HRL,7,4,3,49007.0,0.0015574069802315725,-0.0019113723182821753
GDDY,6,4,2,48006.0,0.01309892457357619,-0.006319665820300332
MET,5,2,3,47005.0,-0.0061800618617391485,0.0014242053991355033
GILD,5,5,0,47005.0,-0.0329035301695225,-0.014006220212342995
RKLB,5,2,3,47005.0,-0.016587274927664826,-0.011211303341513927
PH,4,4,0,46004.0,-0.03265485331417343,0.0011686389251984522
LRN,4,2,2,46004.0,0.0,0.0
GKOS,4,3,1,46004.0,0.012980321466293977,0.00341006406430982
AROC,3,3,0,45003.0,0.021756685018813744,-0.011549833748667084
PRGS,3,2,1,45003.0,0.022328544837610362,-0.009814737269220117
RAL,3,3,0,45003.0,-0.009465878545223023,0.037187301700706304
ENPH,3,3,0,45003.0,0.2475986897715731,0.12059766576758009
EMBC,3,2,1,45003.0,-0.04985336619561323,-0.02834801775296213
AME,3,3,0,45003.0,-0.04290656704102839,0.000951562385843698
WSC,3,2,1,45003.0,-0.05132000711737977,-0.013940304083038984
GEHC,3,3,0,45003.0,-0.011398283416876162,-0.006421600899016777
GNRC,3,3,0,45003.0,-0.09503318173971366,-0.00867983370925155
NSP,3,3,0,45003.0,-0.003484339924450385,-0.07538800075303116
OTTR,3,2,1,45003.0,-0.009256933704805704,-0.0013749591030561895
EXE,3,2,1,45003.0,0.01752624497889035,-0.0026962412930199076
PSMT,3,3,0,45003.0,0.03246214871707316,0.01035206761021084
SCSC,3,2,1,45003.0,-0.007816095461790589,-0.011417637382887333
RHI,3,1,2,45003.0,0.00486055966462677,0.014837545174969824
RNG,3,2,1,45003.0,0.0057320375692266135,-0.024998005491208414
SHAK,3,2,1,45003.0,-0.009642062032536371,-0.01070220087373111
BLFS,3,2,1,45003.0,0.028575910410853504,-0.0009420547532752102
CVCO,3,2,1,45003.0,-0.007817263662078631,-0.00927423481919295
CE,3,3,0,45003.0,-0.10055489186965962,0.008407600298248125
BL,3,2,1,45003.0,0.04858198824376533,-0.012463430961060201
BLMN,3,2,1,45003.0,-0.028445496288158817,-0.0016025626330215248
BR,3,3,0,45003.0,-0.0006688029447738572,-0.0374507199172864
TMO,3,3,0,45003.0,-0.025016308599498934,-0.02889176870532244
MC,3,2,1,45003.0,-0.008962540711173575,0.000521069627496638
LQDT,3,2,1,45003.0,0.0038713457254566236,-0.0040699189969489995
UPST,3,2,1,45003.0,0.0028735604621977066,-0.010177207576759707
RYAN,8,6,2,36008.0,0.035861634599582394,-0.01967628946542484
CTSH,6,3,3,34006.0,0.0,0.0
RBLX,6,3,3,34006.0,0.0,0.0
SNDK,5,5,0,33005.0,-0.04733404467173795,-0.0032988794906879796
PFE,5,5,0,33005.0,-0.008117548705402825,0.003478865184371008
DUOL,5,3,2,33005.0,0.01526270384844328,-0.0019432105622887406
CVLT,4,1,3,32004.0,0.0012716527814377427,0.011836083922889309
RBRK,4,2,2,32004.0,0.0,0.0
ZG,4,3,1,32004.0,-0.04292171147770973,-0.01204818123488759
C,4,3,1,32004.0,-0.025585262162982788,-0.009253416332262177
AUR,4,3,1,32004.0,-0.019390563788628516,0.08171744201029268
WMB,4,4,0,32004.0,0.06249160924883086,0.013113818861459165
MGEE,4,2,2,32004.0,0.0,0.0
KMI,3,2,1,31003.0,0.019106323231850634,0.0036980031010529543
NAVI,3,3,0,31003.0,-0.008413425167282735,-0.05168267357102444
EXC,3,2,1,31003.0,-0.002667856929118915,-0.0052615910159949
VYX,3,3,0,31003.0,-0.14736840784384586,-0.08815790588175505
PRGO,3,2,1,31003.0,-0.01528778645424534,-0.006294965716885603
KDP,3,2,1,31003.0,-0.0036567214488316953,0.001599810184919095
RKT,3,0,3,31003.0,0.14391892479665958,0.06486486660641765
OPLN,3,2,1,31003.0,-0.015600502287832338,-0.0046155265535744346
SNEX,3,2,1,31003.0,-0.021231044623783734,-0.0022258333921164448
PRAA,3,3,0,31003.0,-0.12336117781842292,-0.12395713899080801
SNA,3,3,0,31003.0,-0.025133407795046216,-0.007122960187615556
UNF,3,2,1,31003.0,0.009605431939023785,-0.0005192029017369589
LMT,3,3,0,31003.0,0.010806151406549905,-0.002034544258337332
APOG,3,2,1,31003.0,-0.019141903507039655,-0.0013201263148655935
AGYS,3,2,1,31003.0,0.04669750085165892,-0.01771615838009423
BANF,2,1,1,30002.0,0.0,0.0
ENVA,2,2,0,30002.0,-0.0369726629219483,-0.02181207624127612
PENG,2,2,0,30002.0,0.04849307359737699,0.0938137160535821
YELP,2,1,1,30002.0,0.0,0.0
AMRX,2,2,0,30002.0,-0.06269840777265737,-0.016666669189614517
AMTM,2,1,1,30002.0,0.0,0.0
ZD,2,0,2,30002.0,-0.026927841613390083,0.007833530153665537
THRM,2,1,1,30002.0,0.0,0.0
NBTB,2,2,0,30002.0,-0.003779416866949583,-0.009782094957467144
FIG,2,2,0,30002.0,0.2038282746822804,-0.020175860899520618
HCI,2,1,1,30002.0,0.0,0.0
EIG,2,1,1,30002.0,0.0,0.0
CURB,2,2,0,30002.0,0.0014440074757047171,-0.01046934684259444
PLXS,2,1,1,30002.0,0.0,0.0
FCX,2,2,0,30002.0,-0.1110101189136426,0.017113507552673213
QNST,2,2,0,30002.0,-0.05025121012409188,-0.03266326661260382
POWI,2,2,0,30002.0,-0.037089356627707286,0.003384506662772239
COCO,2,2,0,30002.0,0.024661524230510993,0.0021444314623507124
CMI,2,2,0,30002.0,-0.06401159118126828,0.007110834805071429
PATK,2,1,1,30002.0,0.0,0.0
CXM,2,1,1,30002.0,0.0,0.0
DEI,2,0,2,30002.0,0.04933111627977073,0.018394671097584244
DECK,2,2,0,30002.0,-0.006533910323216499,-0.010116967969728776
SANM,2,1,1,30002.0,0.0,0.0
UCTT,2,1,1,30002.0,0.0,0.0
ARLO,2,2,0,30002.0,-0.013127419212185468,-0.023938183050828486
LKQ,2,2,0,30002.0,-0.08603349546224708,-0.017877039563168287
JBLU,2,2,0,30002.0,-0.07399575120955844,-0.006342539045956718
APTV,2,2,0,30002.0,-0.04331212074741963,-0.013466818347450952
LNN,2,1,1,30002.0,0.0,0.0
LUMN,2,2,0,30002.0,0.05997687422300843,0.08419833169694409
WKC,2,1,1,30002.0,0.0,0.0
XYZ,2,2,0,30002.0,-0.040904110722271535,-0.03244597723474235
WD,2,2,0,30002.0,-0.12214571322194398,-0.02428411182148396
VCTR,2,1,1,30002.0,0.0,0.0
URBN,2,1,1,30002.0,0.0,0.0
RTX,2,2,0,30002.0,-0.024596099923058494,-0.004360218492290817
ROK,2,2,0,30002.0,-0.06919070519827458,-0.00019776402876807406
SFM,2,2,0,30002.0,0.036022525899463385,0.015882118346318846
SKY,2,1,1,30002.0,0.0,0.0
PINS,2,1,1,30002.0,0.0,0.0
PLAY,2,1,1,30002.0,0.0,0.0
CAKE,2,1,1,30002.0,0.0,0.0
CARG,2,1,1,30002.0,0.0,0.0
JJSF,2,1,1,30002.0,0.0,0.0
KKR,2,2,0,30002.0,-0.06401600528857575,-0.02050875489992122
HE,2,1,1,30002.0,0.0,0.0
MMI,2,2,0,30002.0,-0.0641622443507637,-0.020611730079984996
BANR,2,1,1,30002.0,0.0,0.0
MLM,2,2,0,30002.0,-0.08343942769748729,-0.007485350365566065
CSW,2,1,1,30002.0,0.0,0.0
CRK,2,1,1,30002.0,0.0,0.0
SAFE,2,2,0,30002.0,-0.06631643503380003,-0.03348649314093366
BLDR,2,0,2,30002.0,0.08779883892312111,0.006320405223797673
AMSF,2,1,1,30002.0,0.0,0.0
ALG,2,2,0,30002.0,-0.011013639221577375,0.0
BGC,2,2,0,30002.0,0.026315800881733614,0.012704149839052273
GSHD,2,2,0,30002.0,0.04186632493137875,-0.0822194706374152
HAYW,2,2,0,30002.0,-0.05899278541929356,-0.007194203635955471
MRNA,2,2,0,30002.0,-0.14173078979127726,-0.053501074982682764
EXPD,2,2,0,30002.0,0.020527187580651345,0.008871400899777527
EVRG,2,2,0,30002.0,-0.003961548578150028,-0.010084059380190446
HPQ,2,2,0,30002.0,-0.005218245291730693,0.008538913938674036
NEO,2,1,1,30002.0,0.0,0.0
GTES,2,2,0,30002.0,-0.08683798737287685,-0.011682287416044724
EPAM,2,2,0,30002.0,0.05644316566146947,-0.0499264245372364
GWRE,6,4,2,20006.0,0.021895745936177425,-0.014664855619511303
PCOR,5,3,2,19005.0,-0.0029943905943796475,-0.00873361808050685
GEN,5,3,2,19005.0,0.021872342024926324,0.01134301955712828
KNSL,5,4,1,19005.0,0.020620692538341857,-0.005402578772748359
PCTY,5,4,1,19005.0,0.0328085859153344,-0.017438258937318783
BBY,5,4,1,19005.0,0.02192307823123694,-0.017622380588473065
MDB,4,3,1,18004.0,0.04204455712689537,-0.009264059986534385
PZZA,3,2,1,17003.0,-0.0026646012215431583,-0.013403758476209235
D,3,2,1,17003.0,0.027601164661706118,-0.0010595256093900078
AAP,3,2,1,17003.0,-0.019574307711331177,-0.021284686928639666
KD,3,3,0,17003.0,0.04790942619042318,-0.03745639099718118
BAX,3,2,1,17003.0,0.00819825259067726,-0.010806779424774355
AMGN,3,3,0,17003.0,-0.009046845828562432,0.00047581773401221783
VICI,3,3,0,17003.0,-0.006304672596750678,-0.011908937361600308
CMS,3,2,1,17003.0,0.0,-0.002273450719098124
SOFI,3,2,1,17003.0,-0.014046123529737066,-0.012368956248820152
CHDN,3,3,0,17003.0,0.0017325193197801874,-0.011781060878830801
AVA,2,1,1,16002.0,0.0,0.0
WELL,2,2,0,16002.0,0.0057206381462837535,0.01559330581504469
DXPE,2,1,1,16002.0,0.0,0.0
ZBH,2,2,0,16002.0,0.032505685440723575,-0.007796587555055043
ALB,2,2,0,16002.0,-0.1776956184958318,-0.022284944218777414
KTB,2,2,0,16002.0,-0.05434943664058745,-0.0366267281209841
ETR,2,2,0,16002.0,-0.02107497783570704,-0.005135941109424623
AVNS,2,1,1,16002.0,0.0,0.0
AWI,2,1,1,16002.0,0.0,0.0
INTU,2,2,0,16002.0,0.030871206277865965,-0.04134213437620224
VST,2,1,1,16002.0,0.0,0.0
SRPT,2,2,0,16002.0,-0.13016204288314154,-0.015159384260374935
DAL,2,2,0,16002.0,-0.0391772578948604,0.0048084199439243054
FE,2,2,0,16002.0,0.008051903773726249,-0.013196156668962936
VITL,2,2,0,16002.0,0.06011566250820546,-0.03699418600420587
VTR,2,2,0,16002.0,-0.002033212556847737,0.02055799977317783
MBC,2,2,0,16002.0,-0.055710254609132655,-0.02646240414526904
SABR,2,1,1,16002.0,0.0,0.0
DOCS,2,2,0,16002.0,-0.271833660743478,-0.11569002967964187
RAMP,2,1,1,16002.0,0.0,0.0
DIOD,2,2,0,16002.0,-0.0937650771811551,-0.014403073056783199
NI,2,2,0,16002.0,0.004873904406222023,-0.002966717391875479
FERG,2,2,0,16002.0,-0.06584095570706128,-0.01881562590849446
MDT,2,1,1,16002.0,0.0,0.0
ACLS,2,1,1,16002.0,0.0,0.0
YUM,2,2,0,16002.0,-0.004383066467329679,-0.020214568131279937
TRUP,2,1,1,16002.0,0.0,0.0
BAH,2,2,0,16002.0,0.02081399560482953,-0.0509081791296462
MRVL,2,1,1,16002.0,0.0,0.0
AGX,1,1,0,15001.0,-0.06083609944300189,0.057135684625138516
TTEK,1,1,0,15001.0,-0.048670426527441774,-0.0574713011193919
AMN,1,1,0,15001.0,-0.08652864935443011,0.047505991126524656
WBD,1,1,0,15001.0,-0.004044139973019433,0.0018382071933127236
AAT,1,1,0,15001.0,0.007102254383040926,-0.017518978434227585
AGNT,1,0,1,15001.0,0.09491855717343496,0.038350926594424496
NOG,1,1,0,15001.0,0.04273139985561044,-0.022203630834163355
JCI,1,1,0,15001.0,-0.03984681923364827,0.019568986791042103
MNRO,1,1,0,15001.0,-0.05445545314048024,-0.01732671631281179
MLKN,1,0,1,15001.0,0.05769229292982279,0.023872675142366944
BEN,1,1,0,15001.0,-0.028093414806660597,0.011363655520317236
KNTK,1,1,0,15001.0,0.03885475770744346,0.017382381341465945
KVUE,1,1,0,15001.0,-0.00648821210531102,-0.004170930356799734
MPT,1,1,0,15001.0,-0.021526444352311918,-0.003913890490010355
MRP,1,1,0,15001.0,0.0018796705392296793,0.0026315674368554676
ALGN,1,1,0,15001.0,-0.06411719678206032,-0.024368137099567214
TRIP,1,1,0,15001.0,-0.015872975826222574,0.019047651725802382
TPL,1,1,0,15001.0,-0.016990974053482967,-0.037071188469512226
TNDM,1,0,1,15001.0,0.05650101752313309,0.039482637186768456
TKO,1,1,0,15001.0,0.05312826812787486,0.002018191858899691
APD,1,1,0,15001.0,-0.03896579990782405,0.008563919799886716
ANGI,1,0,1,15001.0,-0.0038610003068143437,0.05405400429540081
BOOT,1,0,1,15001.0,0.022513879122362523,-0.00303869082964711
CABO,1,1,0,15001.0,-0.058298604182384736,0.03648622132566289
PECO,1,1,0,15001.0,0.0009562262173458201,-0.007313992198151064
ENR,1,1,0,15001.0,-0.08253260934043119,-0.037874510338100145
ELV,1,0,1,15001.0,-0.02280702135547711,-0.016120078953081762
IAC,1,1,0,15001.0,-0.006660099942431383,0.004933417819999364
HUBB,1,1,0,15001.0,-0.050372491320712885,-0.004506363970754959
INSP,1,0,1,15001.0,0.03472543228111703,0.04857020285167226
NABL,1,1,0,15001.0,-0.0818414743316795,-0.09718672790263791
FRPT,1,1,0,15001.0,-0.07567780443675999,-0.05149208827925161
OLED,1,0,1,15001.0,0.04968002722383728,0.015186045002750852
NUE,1,1,0,15001.0,-0.035243467079941304,0.01092109161919167
GEO,1,1,0,15001.0,0.06538998731938317,0.05791685100212864
GDYN,1,1,0,15001.0,-0.027027001871263702,-0.054054003742527404
FTV,1,1,0,15001.0,-0.03434544017093287,-0.0141032401254755
FUN,1,1,0,15001.0,0.03333339052015417,0.022222226707463072
DFH,1,1,0,15001.0,-0.034562269363909506,0.031490002534341796
RDN,1,0,1,15001.0,-0.00241935889091576,0.01424738126678095
TECH,1,1,0,15001.0,-0.039346945144065865,-0.05335294019512245
GOLF,1,1,0,15001.0,0.03137157688398758,-0.0028304972423414745
PBI,1,1,0,15001.0,0.026109953559388485,0.001959468951754636
CBOE,1,1,0,15001.0,0.02015184536155843,0.03063526411349449
OSIS,1,1,0,15001.0,-0.08091116863360401,-0.03922429983422732
CLSK,1,0,1,15001.0,-0.09057158791160126,0.012620643869626564
PRLB,1,1,0,15001.0,-0.012109166736225006,0.011686875109641667
PTEN,1,1,0,15001.0,0.05555548087127872,-0.004975158999091163
DD,1,1,0,15001.0,-0.0750937131220195,0.012267520718353981
STT,1,1,0,15001.0,0.0028581451863920197,0.00751083353761213
CART,1,1,0,15001.0,0.04915509732311979,0.02278544184222721
CASH,1,1,0,15001.0,-0.025911121013897528,-0.03220724241023475
SPHR,1,1,0,15001.0,-0.00463375148354007,-0.030670882772978386
SSTK,1,0,1,15001.0,0.03673718670817862,-0.007472032579320944
STLD,1,1,0,15001.0,-0.04050690640443748,0.018384874240509844
SLVM,1,1,0,15001.0,-0.09866595051877675,-0.03699977945231009
CNR,1,1,0,15001.0,-0.023984173278696,-0.04051684759213469
CRH,1,1,0,15001.0,-0.11214325280057215,-0.02370049616400565
EXTR,1,0,1,15001.0,-0.03290916936686071,0.0008775979359458959
FDX,1,1,0,15001.0,-0.0038521124151376326,-0.01785240152219813
VSAT,1,1,0,15001.0,-0.0005634725557268769,-0.005775405621248644
UNIT,1,1,0,15001.0,-0.04901962367604381,0.007130117807674494
VCEL,1,0,1,15001.0,-0.04705534658101084,0.0030357765115391123
VLO,1,1,0,15001.0,0.06272252916089747,-0.012220732300932447
ROKU,1,1,0,15001.0,-0.055237762078495074,-0.015278515946140287
ROCK,1,1,0,15001.0,-0.10788710548800201,0.008177298194111641
SCIO,1,0,1,15001.0,0.0062892183874118475,-0.00048382168514935343
SDGR,1,1,0,15001.0,-0.055161531316929586,0.004728165610773559
SBSI,1,1,0,15001.0,-0.010274576020584462,-0.01928370312477488
DVN,1,1,0,15001.0,0.062433143903478455,0.0027795823571272727
DXCM,1,1,0,15001.0,0.09502776605485927,-0.04203466994570077
REGN,1,1,0,15001.0,-0.12870985112981154,-0.004879644752330715
UPBD,1,0,1,15001.0,0.04955453424370649,0.03786182808968192
LYV,1,1,0,15001.0,-0.016056037251819023,0.01684075919453266
LZ,1,1,0,15001.0,0.03409091612805741,-0.040584416589722484
ASTH,1,1,0,15001.0,0.007434015073188701,0.019225840355548186
LNG,1,0,1,15001.0,-0.010069201991118661,0.020179250644865126
WT,1,1,0,15001.0,0.005350577643994627,0.042803702685453186
LYFT,1,1,0,15001.0,-0.05043226249954051,-0.014409208041508192
LOPE,1,0,1,15001.0,0.010607323631604897,0.0029154593457547183
L,1,0,1,15001.0,-0.03324079263434148,0.002969570675899091
WWW,1,1,0,15001.0,-0.06429027539333905,-0.011457689671464358
LGIH,1,1,0,15001.0,-0.11030699446517524,-0.0026315556118465095
LDOS,1,0,1,15001.0,0.018926710154433587,0.032868613137818636
WERN,1,1,0,15001.0,0.10697542907798921,0.013481914231247357
WGO,1,1,0,15001.0,-0.0456852287301576,-0.011167510396825345
WHR,1,1,0,15001.0,-0.012836100320715423,0.011625079476707436
WING,1,1,0,15001.0,0.027403094833043203,-0.025216175917866752
IOT,5,2,3,5005.0,-0.019145911014517368,0.004128113279945221
NEE,4,4,0,4004.0,-0.04789088650680346,0.0027487276276203614
CRWV,3,3,0,3003.0,-0.07368911778567286,0.03303942049738979
WEC,3,3,0,3003.0,-0.0011984347214985753,-0.0033754248158553175
CTAS,3,3,0,3003.0,0.04381704855391929,-0.011304558228741659
SOLV,3,3,0,3003.0,-0.004926699396871461,-0.009187680772716473
ALAB,3,2,1,3003.0,0.0649642838188535,0.03207448446847295
TLN,3,2,1,3003.0,-0.05342443285469969,-0.020981809966202913
UFPT,2,0,2,2002.0,0.01532249730330522,0.00616528688031877
AYI,2,1,1,2002.0,0.0,0.0
PCAR,2,2,0,2002.0,-0.029286501977460785,-0.00798723396735353
RDDT,2,1,1,2002.0,0.0,0.0
PPL,2,2,0,2002.0,-0.03026130729838196,-0.01650614853665688
PRU,2,0,2,2002.0,0.013842806469771865,0.0019497037938407242
DKNG,2,1,1,2002.0,0.0,0.0
ERIE,2,0,2,2002.0,-0.021281436597182495,0.026727672026959384
ESS,2,1,1,2002.0,0.0,0.0
EXLS,2,2,0,2002.0,-0.025563412061346696,-0.08644465975093991
LOAR,2,2,0,2002.0,-0.028876162661192865,0.006398677354661757
ASTS,2,2,0,2002.0,0.2075109591506359,0.025356339053392483
INSM,2,2,0,2002.0,-0.07405169256802263,0.0171551539980132
NTRA,2,0,2,2002.0,0.040007899510928216,0.04353361293457491
ALNY,2,1,1,2002.0,0.0,0.0
JLL,2,0,2,2002.0,0.09265947773365861,0.016213804347899617
HSIC,2,1,1,2002.0,0.0,0.0
AFL,2,2,0,2002.0,0.01936978482051431,-0.005854006994175042
AMP,2,1,1,2002.0,0.0,0.0
THG,2,2,0,2002.0,0.022153051476180626,-0.0015295811579424336
CASY,2,2,0,2002.0,-0.017343348037917403,0.02441216209891286
CHE,2,2,0,2002.0,0.04861190910723422,0.010461164811698887
RBA,2,2,0,2002.0,-0.0010637979815441595,-0.015667320658830995
S,2,1,1,2002.0,0.0,0.0
WMG,1,0,1,1001.0,-0.02053577024321343,0.02708326650370321
WHD,1,0,1,1001.0,-0.06237986586369833,0.020269087134205156
APG,1,1,0,1001.0,-0.04680260576703389,0.002316924802470538
WWD,1,1,0,1001.0,-0.06150498055244522,0.006341008446531486
RRC,1,0,1,1001.0,-0.054278663158513256,-0.008801877315982835
RGLD,1,1,0,1001.0,-0.10768295402685871,-0.001467294075385817
ED,1,1,0,1001.0,0.02007318351906287,0.0013960931126960703
VRT,1,1,0,1001.0,-0.12121046879348461,0.007790116072031225
VRNS,1,0,1,1001.0,-0.06932472322549095,0.029813215486958297
AVY,1,1,0,1001.0,-0.03653741853235248,-0.00855658679635859
ARES,1,1,0,1001.0,-0.020621081806899203,-0.0038816379000372893
ATR,1,1,0,1001.0,-0.037611201411486425,-0.0014401168483266066
MAN,1,0,1,1001.0,0.02853071035265814,0.06990017574271637
JACK,1,0,1,1001.0,0.1569639028992262,0.057479716323699984
CW,1,1,0,1001.0,-0.04132783955525199,0.021296233813760855
CXW,1,1,0,1001.0,0.07193876632498203,0.05102040717026833
CSX,1,1,0,1001.0,0.03480804499416847,-0.002919331198700213
CVS,1,1,0,1001.0,-0.010194442513375094,0.03110876549663108
DRI,1,1,0,1001.0,-0.027069101656397074,-0.03168942202353985
FANG,1,1,0,1001.0,0.05431614552030728,0.01488773532268013
EXR,1,1,0,1001.0,-0.03094133528057931,-0.016437528381675667
EXPE,1,1,0,1001.0,-0.029257683617297543,-0.017744210382637973
ENTG,1,1,0,1001.0,-0.14513795810495728,-0.0018581259169869776
EQT,1,1,0,1001.0,0.07153104635684777,0.002689163305155545
PLNT,1,0,1,1001.0,-0.04364517628117054,-0.02222668088127597
CLSM,1,1,0,1001.0,-0.0057691846242728445,0.006252996760056016
PATH,1,1,0,1001.0,0.05394604890167399,-0.05394604890167399
PEG,1,1,0,1001.0,-0.01640804973875972,-0.01780719253332474
CARS,1,0,1,1001.0,0.0720379350845204,0.014218063459024592
SXC,1,1,0,1001.0,0.04507089962658145,0.03320051857042567
SCVL,1,0,1,1001.0,0.059509163113888375,0.014110402024644818
O,1,1,0,1001.0,-0.0070365816953286845,-0.016152225852973212
NXT,1,1,0,1001.0,0.013958681994586702,0.08774022596809238
IFF,1,1,0,1001.0,-0.08257937117533704,-0.012616259059115896
NOC,1,1,0,1001.0,-0.0035105874625718267,-0.011642486373133074
HWM,1,1,0,1001.0,-0.06168451232966223,0.012381362014304889
MNST,1,1,0,1001.0,0.005589795180927349,0.0006987021855678017
MKL,1,0,1,1001.0,-0.014864555500968255,0.006894979789899118
MCK,1,1,0,1001.0,0.037022434110501636,0.0033891712505963825
GO,1,0,1,1001.0,-0.020100483246901606,0.027638224368655026
OGE,1,0,1,1001.0,-0.008606210173487052,0.0062972132851398166
GD,1,1,0,1001.0,-0.018241577563105352,-0.014720332013218589
HCA,1,1,0,1001.0,-0.05818147934081634,-0.005003593018847475
BE,1,1,0,1001.0,-0.06893728289291286,0.03231325392899273
TROW,1,0,1,1001.0,0.010890656914335635,-0.00165310972767126
TOL,1,1,0,1001.0,-0.07647670673508337,-0.011456578687028974
BKR,1,1,0,1001.0,0.003525496083152451,0.0026058522977704603
CACC,1,0,1,1001.0,-0.04026811807485243,0.003265436662348287
TSN,1,1,0,1001.0,-0.01927061132531949,-0.008449447117698171
TTAN,1,0,1,1001.0,-0.08608696979025136,0.0233043504797894
ACI,1,0,1,1001.0,-0.08040205279593705,-0.03894477614711984
ACHR,1,0,1,1001.0,0.07511737544643786,-0.020344306284378076
