date,daily_notional,daily_pnl_1d,cum_pnl_1d,daily_pnl_3d,cum_pnl_3d,daily_pnl_5d,cum_pnl_5d,daily_pnl_10d,cum_pnl_10d,daily_pnl_20d,cum_pnl_20d,daily_pnl_30d,cum_pnl_30d
2025-01-26,15001.0,14.451658187058353,14.451658187058353,-70.08584865910545,-70.08584865910545,-584.5478939442069,-584.5478939442069,-570.0973532686073,-570.0973532686073,1.4471773393319336,1.4471773393319336,49.26661017898658,49.26661017898658
2025-02-23,15001.0,-226.50311309457106,-212.05145490751272,-425.89657047365523,-495.9824191327607,-575.906536144599,-1160.454430088806,-885.2090442947273,-1455.3063975633345,-405.4742149144008,-404.0270375750689,-1713.235035302792,-1663.9684251238054
2025-02-26,250001.0,-5737.01069521781,-5949.062150125323,-6920.797150064327,-7416.779569197088,-6393.838556250655,-7554.29298633946,-20090.646019680924,-21545.952417244258,-23072.863724272753,-23476.890761847822,-32436.253695176336,-34100.22212030014
2025-02-28,15001.0,349.092211778705,-5599.969938346618,750.5481088359786,-6666.231460361109,1969.8790851462431,-5584.413901193217,1618.2926669817148,-19927.659750262545,2084.5803514819295,-21392.31041036589,3446.0400750777035,-30654.182045222435
2025-03-02,50001.0,-28.1578552793956,-5628.127793626013,-2262.1062762332044,-8928.337736594314,-4927.8251876144295,-10512.239088807646,-4632.156965374336,-24559.81671563688,-4824.57494412045,-26216.88535448634,-4547.679818934003,-35201.86186415644
2025-03-04,100001.0,-2265.3927244832507,-7893.520518109264,-2912.6477886213224,-11840.985525215638,-6148.923109311681,-16661.162198119328,-6148.923109311681,-30708.739824948563,-3559.9028527593946,-29776.788207245736,-9061.578613821997,-44263.44047797844
2025-03-11,15001.0,-143.20311134413313,-8036.723629453398,136.97570127479577,-11704.009823940842,238.66970947546687,-16422.49248864386,647.5252954729185,-30061.214529475645,-2307.846833761894,-32084.63504100763,-882.0455410002487,-45145.486018978685
2025-03-16,15001.0,66.51077709185904,-7970.212852361538,-215.58653610622633,-11919.596360047068,-711.5486047507713,-17134.041093394633,-56.188842018725566,-30117.40337149437,353.19425605137565,-31731.440784956256,594.0082033996603,-44551.477815579026
2025-03-17,1001.0,-1.4081134205649117,-7971.620965782104,-2.5917083072378446,-11922.188068354306,9.346754658957385,-17124.694338735677,43.89717019438054,-30073.506201299988,92.4879041365914,-31638.952880819663,-17.14244568087241,-44568.6202612599
2025-03-18,75005.0,623.332735084759,-7348.288230697344,835.9603246850343,-11086.227743669271,2678.1733728493114,-14446.520965886366,2572.1119051360847,-27501.394296163904,3863.6246585599683,-27775.328222259694,3493.6633123254524,-41074.95694893445
2025-06-03,50001.0,1953.1669001802854,-5395.121330517059,976.581121737088,-10109.646621932183,2343.7993488751204,-12102.721617011246,195.3162243474176,-27306.078071816486,7422.025838614089,-20353.302383645605,10547.08542817277,-30527.87152076168
2025-12-03,50001.0,530.7657629742833,-4864.355567542775,2376.6785632355086,-7732.968058696674,3248.084342806522,-8854.637274204724,1209.1539849662179,-26096.924086850267,2503.041040017264,-17850.261343628343,4615.887693171293,-25911.98382759039
2026-01-01,645009.0,7885.182771003873,3020.827203461098,4484.731694083163,-3248.236364613511,12984.993898528139,4130.3566243234145,6154.324459825573,-19942.599627024694,-8398.137242429124,-26248.39858605747,3747.489887345706,-22164.493940244683
2026-01-02,299012.0,-55.52644932349577,2965.3007541376023,3387.2342247191305,138.99786010561957,8354.46762562444,12484.824249947855,4699.2400829317985,-15243.359544092895,3877.294488722652,-22371.104097334817,7165.010230119646,-14999.483710125038
2026-01-04,1001.0,30.294225539181582,2995.594979676784,25.14992726582759,164.14778737144715,-41.15471823414079,12443.669531713715,-60.303001075200804,-15303.662545168096,-64.01838909619886,-22435.122486431017,-44.86999557270255,-15044.35370569774
2026-01-05,1000001.0,-5947.189320272573,-2951.594340595789,-2602.851996757829,-2438.704209386382,-10818.37058895875,1625.2989427549637,14744.362748729278,-559.2997964388178,-2631.95253706622,-25067.075023497237,2079.309248640819,-12965.044457056922
2026-01-06,13949084.0,-85537.1704771188,-88488.76481771459,118465.1147819267,116026.41057254032,214712.84361589482,216338.1425586498,187045.33977955065,186486.03998311184,151891.6145751046,126824.53955160738,400018.80115135893,387053.756694302
2026-01-07,362015.0,7693.956795459023,-80794.80802225557,14272.245923176,130298.65649571632,13723.715170118618,230061.8577287684,21758.40593872634,208244.44592183817,25155.17761117513,151979.7171627825,-1715.6415483595556,385338.1151459425
2026-01-08,936014.0,-16390.643381700793,-97185.45140395637,-25475.630766277558,104823.02572943876,-14658.47306142898,215403.38466733941,-59181.95215619355,149062.4937656446,-22299.72759865558,129679.98956412692,-27022.18862398702,358315.92652195547
2026-01-09,500001.0,-1839.2866524272688,-99024.73805638363,-21687.347874847586,83135.67785459117,-16695.016013031094,198708.36865430832,-18109.840037647966,130952.65372799664,-78139.0577634408,51540.93180068613,-78462.45492359628,279853.4715983592
2026-01-10,750008.0,-482.0274719365625,-99506.76552832019,8389.784322153202,91525.46217674436,9801.960647771964,208510.32930208027,22332.848918083226,153285.50264607987,47673.59420430776,99214.52600499388,65103.65620262906,344957.12780098827
2026-01-11,570012.0,-4469.643433760316,-103976.4089620805,5374.158509686296,96899.62068643066,-4767.846147877556,203742.48315420272,13165.059655539339,166450.5623016192,-17055.946447024635,82158.57955796925,-38265.576713866605,306691.55108712165
2026-01-12,6533102.0,-60333.831188917255,-164310.24015099776,-24652.784503909457,72246.8361825212,-54439.79195681146,149302.69119739125,27531.47391903338,193982.03622065258,441703.52162886417,523862.1011868334,327605.8061906041,634297.3572777258
2026-01-13,101002.0,-441.73927788910083,-164751.97942888687,2483.182968743946,74730.01915126515,1036.882155132734,150339.573352524,3622.272246813053,197604.30846746563,7751.256716792481,531613.3579036259,20808.137707229882,655105.4949849558
2026-01-15,600002.0,2007.213972721257,-162744.76545616562,6443.713787345537,81173.73293861069,-28743.069611779305,121596.5037407447,-75024.57482836564,122579.73363909998,1788.685896805202,533402.0438004312,-3144.5992407702142,651960.8957441855
2026-01-16,2165008.0,19767.028071537046,-142977.73738462856,5278.384422488061,86452.11736109875,-104.27765615449698,121492.22608459019,7773.930435909719,130353.6640750097,-36947.07014332092,496454.97365711024,-1203.7233499341528,650757.1723942515
2026-01-17,516017.0,-14738.435362025804,-157716.17274665437,-27068.102989463376,59384.01437163537,-29440.242619733854,92051.98346485634,-6645.666495039197,123707.9975799705,-27949.676893830245,468505.29676328,-13692.295398306938,637064.8769959445
2026-01-18,166012.0,-547.595010976115,-158263.76775763047,-629.3841549136491,58754.63021672172,1693.8650612127938,93745.84852606914,2944.6577730448307,126652.65535301533,-654.1810139895904,467851.1157492904,3709.656656436603,640774.5336523812
2026-01-19,500001.0,670.9917285473316,-157592.77602908315,17662.38091367251,76417.01113039424,29610.432977849785,123356.28150391893,16493.528911640118,143146.18426465546,-56731.729727014324,411119.38602227607,-30692.686224603036,610081.8474277782
2026-01-21,2713127.0,26923.04677799808,-130669.72925108507,22665.163924614284,99082.17505500853,2251.1187187798464,125607.40022269878,-74843.2551914987,68302.92907315676,-100190.25798922479,310929.12803305127,-76244.5679327298,533837.2794950483
2026-01-22,135009.0,584.9652817612929,-130084.76396932377,-1985.756955370852,97096.41809963768,-2292.18031017767,123315.2199125211,355.5660417982156,68658.49511495497,-4073.411040732998,306855.7169923183,-1424.193472942186,532413.0860221061
2026-01-23,3205092.0,9287.924911485574,-120796.8390578382,4245.120212053272,101341.53831169095,-3540.971000076497,119774.2489124446,-75950.91373712741,-7292.418622172438,-87533.66310249163,219322.05388982664,-10028.326708165127,522384.759313941
2026-01-25,245005.0,11086.168041094312,-109710.67101674389,10043.928668674977,111385.46698036592,13801.68860244366,133575.93751488827,10815.829783427682,3523.411161255244,16581.150722773426,235903.20461260006,20382.962885333414,542767.7221992745
2026-01-26,985059.0,-2661.4297669043754,-112372.10078364826,-2349.363339313816,109036.1036410521,-8520.946805225816,125054.99070966245,-13500.803528956309,-9977.392367701064,13087.463268423779,248990.66788102384,16417.965504516065,559185.6877037905
2026-01-27,2002.0,28.139785201576615,-112343.96099844668,5.80877669306156,109041.91241774516,92.37377005999413,125147.36447972244,139.17631965303158,-9838.216048048032,148.38348047845435,249139.0513615023,-6.268220461368713,559179.4194833292
2026-01-28,147007.0,760.9910785766435,-111582.96991987004,-543.4507805964222,108498.46163714874,289.22999528343024,125436.59447500587,-2500.6852731678905,-12338.901321215923,-453.10428625779946,248685.9470752445,-9891.945857655457,549287.4736256737
2026-01-29,1000001.0,2982.5832429835114,-108600.38667688653,6498.13911171259,114996.60074886132,23658.5525656072,149095.14704061305,18399.460172020183,6060.55885080426,11598.768267631707,260284.7153428762,45746.6700729909,595034.1436986646
2026-01-30,420013.0,393.7154230452369,-108206.67125384128,17227.290472428584,132223.8912212899,16201.819739549741,165296.9667801628,27388.09582817887,33448.65467898313,-15273.41025202697,245011.30509084923,-10764.362855585354,584269.7808430792
2026-01-31,1046005.0,-8270.212905314129,-116476.88415915541,-25634.176379151402,106589.71484213849,-1924.3438199961886,163372.6229601666,-15537.480313388369,17911.174365594765,-19292.767851303364,225718.53723954587,-33599.38757923855,550670.3932638407
2026-02-01,7007.0,-97.75179494176247,-116574.63595409718,6.1239417664767615,106595.83878390497,190.65907996685596,163563.28204013346,443.55341731693164,18354.727782911697,506.1291637852986,226224.66640333115,669.3555334162587,551339.748797257
2026-02-02,360007.0,-4413.8300086970885,-120988.46596279426,-15625.736251225913,90970.10253267906,-16244.401753048092,147318.88028708537,-36624.0244748388,-18269.296691927102,-43467.924537318635,182756.7418660125,-39072.787597943665,512266.9611993133
2026-02-03,773016.0,-4448.709437328144,-125437.1754001224,-9065.234566651337,81904.86796602771,-8640.818016305002,138678.06227078036,-7900.525124101311,-26169.821816028412,-8692.833429618391,174063.90843639412,-33581.93188907115,478685.02931024216
2026-02-05,130003.0,-4804.405806866396,-130241.5812069888,-5532.938519266818,76371.9294467609,-6947.047594366528,131731.01467641382,-3473.269572863401,-29643.091388891815,-3919.4670193420097,170144.44141705212,-9813.11776553231,468871.9115447099
2026-02-06,539019.0,-240.57910961134488,-130482.16031660014,-3258.4365881723056,73113.4928585886,4750.073591449989,136481.08826786382,14950.348118849866,-14692.743270041949,23264.93177760352,193409.37319465564,33633.59927494218,502505.51081965206
2026-02-07,1001.0,-37.718869012811396,-130519.87918561295,17.294875431649423,73130.78773402024,-6.542535859022142,136474.5457320048,84.71093860503186,-14608.032331436916,3.584084254533777,193412.95727891018,83.11799297878886,502588.62881263084
2026-02-08,1001.0,-4.510855393999634,-130524.39004100695,-39.77750696078053,73091.01022705947,-39.77750696078053,136434.768225044,57.000816281438624,-14551.031515155477,-43.878306227109945,193369.07897268308,-72.17368630399415,502516.4551263268
2026-02-10,44815080.0,136095.202919589,5570.812878582059,529000.2911669132,602091.3013939727,363499.96900884,499934.737233884,262161.0068330545,247609.975317899,-608759.960241958,-415390.881269275,-713600.8450981403,-211084.38997181348
2026-02-11,106007.0,2860.7196747574185,8431.532553339477,2341.587958524136,604432.8893524968,100.79410443886937,500035.53133832285,1883.894317690695,249493.86963558968,13986.132025303426,-401404.74924397154,8749.54848067025,-202334.84149114322
2026-02-12,4011128.0,9989.320961842264,18420.85351518174,12062.34845219065,616495.2378046875,9227.592492251973,509263.1238305748,145933.38350118074,395427.25313677045,125405.91402919029,-275998.8352147812,29029.6065207218,-173305.2349704214
2026-02-13,750002.0,8524.668113220776,26945.521628402515,10063.886995310375,626559.1247999979,28049.328294168125,537312.4521247429,14390.903862966832,409818.15699973726,16855.652388276245,-259143.18282650498,54471.647068609316,-118833.5879018121
2026-02-19,52038.0,-251.05282765503742,26694.46880074748,-601.9672631443447,625957.1575368536,137.49221255111487,537449.944337294,388.79717386407316,410206.95417360135,1351.6385524338643,-257791.54427407112,1791.9724879333398,-117041.61541387877
2026-02-21,333016.0,3789.1674981810615,30483.63629892854,13818.441299656653,639775.5988365102,23685.959172936113,561135.9035102301,17485.051464922955,427692.0056385243,5784.343846376522,-252007.2004276946,7670.259165927654,-109371.35624795112
2026-02-23,294068.0,10577.504178906704,41061.140477835244,21743.917719419886,661519.5165559301,16374.172834171626,577510.0763444018,32378.624173306438,460070.62981183076,28038.097811201817,-223969.10261649278,24243.5962970052,-85127.75995094591
2026-02-24,200002.0,4200.177608344597,45261.31808617984,6219.887475182524,667739.4040311127,6949.736775654391,584459.8131200562,10186.379310634986,470257.00912246574,4750.030504498616,-219219.07211199414,13639.9277044774,-71487.8322464685
2026-02-26,536039.0,-443.2252138254565,44818.092872354384,-7060.033973733425,660679.3700573792,-16637.47632789887,567822.3367921573,-27438.51464273616,442818.49447972956,-35098.37812477544,-254317.45023676957,-14468.396087363453,-85956.22833383195
2026-02-28,130004.0,871.3200234457206,45689.4128958001,1082.393306913034,661761.7633642923,309.32679306131655,568131.6635852186,807.0982542223455,443625.5927339519,2124.0000471353273,-252193.45018963423,7782.954216678674,-78173.27411715328
2026-03-01,232015.0,3414.659288740346,49104.07218454045,5159.4666729438395,666921.2300372361,5023.766962205968,573155.4305474246,-272.42942106182187,443353.1633128901,1354.6209173733573,-250838.82927226086,13141.084142188116,-65032.189974965164
2026-03-02,7675138.0,-103699.81702821288,-54595.74484367244,-110346.6106964006,556574.6193408355,-171933.12955692862,401222.30099049595,-241729.92863554502,201623.23467734508,-620268.5903324633,-871107.4196047242,114565.14775803986,49532.9577830747
2026-03-04,2734117.0,-47369.127683270584,-101964.87252694301,-76529.54820651507,480045.0711343204,-92215.66265971542,309006.63833078055,-146353.85470735127,55269.37996999381,-97787.60081724393,-968895.0204219681,95178.77211070989,144711.7298937846
2026-03-05,500001.0,796.7502606938525,-101168.12226624916,-7790.375234563283,472254.6958997571,9118.303666070398,318124.94199685095,25495.83838694289,80765.2183569367,27949.108579575917,-940945.9118423922,-9742.515346419454,134969.21454736515
2026-03-06,495006.0,-2072.2683558682393,-103240.3906221174,-8477.627559510294,463777.0683402468,-8233.311406147652,309891.6305907033,-1533.1902508201406,79232.02810611656,-3494.6125354685655,-944440.5243778607,2646.6632931660206,137615.87784053118
2026-03-10,1300006.0,1131.4919363671027,-102108.89868575029,-34020.40204049975,429756.66629974707,-5286.929250268754,304604.70134043455,-42001.627958496385,37230.400147620174,21415.86168656281,-923024.6626912979,99131.90308754987,236747.78092808105
2026-03-11,8851129.0,-118882.420083768,-220991.3187695183,-74454.75668249253,355301.9096172545,-91712.78408048983,212891.91725994472,-224322.679163476,-187092.2790158558,-79454.54109805268,-1002479.2037893506,367628.3993934339,604376.180321515
2026-03-12,1830061.0,-6551.441623510588,-227542.76039302888,24362.841606695052,379664.75122394954,1683.089458977621,214575.00671892235,-44250.961424425586,-231343.2404402814,60613.457807974184,-941865.7459813764,141385.14974399956,745761.3300655145
2026-03-13,145004.0,10.918615123235725,-227531.84177790565,-2221.271276886839,377443.4799470627,-4145.87808930242,210429.12862961993,144.09376822444779,-231199.14667205696,12008.545417737649,-929857.2005636387,27303.130837907025,773064.4609034215
2026-03-14,3003.0,-54.327816288937235,-227586.1695941946,-55.09479286332507,377388.3851541993,-45.185886637041655,210383.94274298288,-30.595020974210172,-231229.74169303116,-182.95341034151548,-930040.1539739802,-158.68340200652295,772905.777501415
2026-03-15,1000001.0,-2630.557500530118,-230216.72709472472,13796.156222264872,391184.5413764642,17727.447381858758,228111.39012484165,52814.04945893229,-178415.69223409885,-40845.08601436907,-970885.2399883493,-66669.11787449045,706236.6596269245
2026-03-16,213009.0,823.1896436673223,-229393.5374510574,-1407.96628831596,389776.57508814824,-2076.1540625811613,226035.2360622605,-5524.518828305129,-183940.21106240398,-6509.47459130697,-977394.7145796563,-12078.067090976328,694158.5925359483
2026-03-17,15664166.0,-1545.435572428588,-230938.973023486,-140316.9123619545,249459.66272619372,-213676.61947363048,12358.616588630015,-284855.08059350273,-468795.2916559067,-30973.86716370877,-1008368.581743365,131318.94941727992,825477.5419532282
2026-03-18,4869080.0,-13549.351348806893,-244488.3243722929,-8751.067051797361,240708.59567439638,-58419.04340883878,-46060.42682020876,-80141.93733092421,-548937.2289868309,119274.56783322165,-889094.0139101434,79993.57129716914,905471.1132503974
2026-03-19,2000002.0,-1718.742651950286,-246207.06702424318,-78.7068655021194,240629.88880889426,13653.315757354536,-32407.111062854226,7898.074174947216,-541039.1548118837,120970.74544791166,-768123.2684622317,189653.83642398965,1095124.949674387
2026-03-21,418040.0,5524.9739219940575,-240682.0931022491,-8263.838531419968,232366.0502774743,-19355.840636309083,-51762.95169916331,7513.846926687654,-533525.3078851961,35673.04074192495,-732450.2277203067,51974.5933618709,1147099.5430362578
2026-03-23,2178141.0,10006.42808075653,-230675.66502149258,-7009.7087609788205,225356.34151649548,-44423.51486944978,-96186.46656861309,38299.29132339452,-495226.01656180155,199289.38057184152,-533160.8471484652,227656.12313431248,1374755.6661705703
2026-03-25,1340033.0,-31561.383220749583,-262237.04824224213,-59379.34553073251,165976.99598576297,-10897.386460380236,-107083.85302899333,53399.07257903089,-441826.94398277067,118001.13566494102,-415159.7114835242,190218.71295244526,1564974.3791230156
2026-03-26,102074.0,-497.49930218612616,-262734.54754442826,25.118292295108205,166002.11427805808,-36.533571932023165,-107120.38660092535,1038.4679913339542,-440788.4759914367,2027.5094004525783,-413132.2020830716,2073.439266118505,1567047.818389134
2026-03-27,380004.0,-361.1898412408095,-263095.7373856691,18641.237581355883,184643.35185941396,21816.625706951854,-85303.7608939735,78994.62622999202,-361793.84976144467,120216.14388099276,-292916.0582020788,136787.73979176724,1703835.5581809012
2026-03-28,4004.0,37.199785099110166,-263058.53760056995,49.137513986580444,184692.48937340055,53.39614889204835,-85250.36474508145,3.9866461891158806,-361789.86311525555,13.497992034716262,-292902.5602100441,-139.7075964693597,1703695.8505844318
2026-03-30,3105137.0,28277.22784903021,-234781.30975153975,37753.00352731449,222445.49290071503,41451.148221585456,-43799.21652349599,61583.96983346966,-300205.8932817859,62070.23535958896,-230832.32485045513,36096.09041726953,1739791.9410017014
2026-03-31,686029.0,11978.650949085306,-222802.65880245445,16123.279522164208,238568.77242287924,45584.548322191295,1785.3317986953043,80510.6817943323,-219695.2114874536,106599.80677104642,-124232.5180794087,161260.5987089253,1901052.5397106267
